affected,end_date,deaths,lon,damage,lat,start_date,extra
NULL,1900,NULL,127.85,NULL,1.82,1900,{'Location': 'GALELA;HALMAHERA ISLAND'}
NULL,1900,10.0,-137.5,NULL,58.6,1900,{'Location': 'LITUYA BAY;AK'}
NULL,1900,NULL,152,NULL,-4,1900,{'Location': 'BISMARCK SEA'}
NULL,1900,NULL,148,NULL,-5,1900,{'Location': 'RABAUL HARBOR'}
NULL,1900,10.0,140,NULL,-4,1900,{'Location': 'BISMARCK SEA'}
NULL,1900,NULL,-66,NULL,11,1900,{'Location': 'MANCUTO'}
NULL,1901,NULL,-120.5,NULL,36,1901,{'Location': 'MONTEREY BAY;N. CALIFORNIA'}
50.0,1901,4.0,28.5,NULL,43.4,1901,{'Location': 'BLACK SEA'}
NULL,1901,NULL,143,NULL,39,1901,{'Location': 'IWATE;JAPAN'}
NULL,1901,NULL,130.3,NULL,28,1901,{'Location': 'RYUKYU ISLANDS'}
NULL,1901,NULL,142.5,NULL,40.5,1901,{'Location': 'OFF NORTHEAST COAST HONSHU'}
NULL,1901,NULL,170,NULL,-22,1901,{'Location': 'LOYALTY ISLANDS'}
NULL,1901,18.0,142.3,NULL,40.6,1901,{'Location': 'OFF NORTHEAST COAST HONSHU'}
NULL,1901,NULL,142.5,NULL,40.5,1901,{'Location': 'OFF NORTHEAST COAST HONSHU'}
NULL,1901,NULL,121.6,NULL,14,1901,{'Location': 'E. LUZON ISLAND'}
NULL,1901,NULL,-86.5,NULL,11,1901,{'Location': 'NICARAGUA'}
NULL,1901,NULL,-171.02,NULL,51.45,1901,{'Location': 'FOX ISLANDS;ALEUTIAN ISLANDS'}
NULL,1902,NULL,-91.59,NULL,14.71,1902,{'Location': 'OCOSA'}
200.0,1902,370.0,-89.5,NULL,13.5,1902,{'Location': 'EL SALVADOR-GUATEMALA'}
NULL,1902,2000.0,-91,NULL,14,1902,{'Location': 'OCOS'}
NULL,1902,23.0,-61.17,NULL,14.82,1902,{'Location': 'MOUNT PELEE'}
NULL,1902,1680.0,-61.18,NULL,13.33,1902,{'Location': 'SOUFRIERE VOLCANO'}
NULL,1902,28000.0,-61.17,NULL,14.82,1902,{'Location': 'MOUNT PELEE'}
NULL,1902,NULL,-61.17,NULL,14.82,1902,{'Location': 'MOUNT PELEE'}
NULL,1902,NULL,23.25,NULL,40.75,1902,{'Location': 'AEGEAN SEA'}
NULL,1902,NULL,-107.9,NULL,24.6,1902,{'Location': 'MEXICO'}
NULL,1902,NULL,123.5,NULL,7.5,1902,{'Location': 'ILLANA BAY;CELEBES SEA'}
NULL,1902,1000.0,-61.17,NULL,14.82,1902,{'Location': 'MOUNT PELEE'}
NULL,1902,NULL,-91,NULL,14,1902,{'Location': 'OCOS'}
NULL,1903,NULL,143.3,NULL,14,1903,{'Location': 'GUAM;MARIANA ISLANDS'}
NULL,1903,NULL,127.5,NULL,-3,1903,{'Location': 'BANDA SEA'}
NULL,1903,NULL,13.4,NULL,38.1,1903,{'Location': 'CALABRIAN ARC'}
NULL,1903,NULL,-99.2,NULL,16.7,1903,{'Location': 'S. MEXICO'}
NULL,1903,NULL,-95.712891,NULL,37.09024,1903,{'Location': 'COOK INLET;AK'}
NULL,1903,NULL,120.960515,NULL,23.69781,1903,{'Location': 'TAIWAN'}
NULL,1903,NULL,-70.15,NULL,-20.2,1903,{'Location': 'NORTHERN CHILE'}
NULL,1903,NULL,-155.5827818,NULL,19.8967662,1903,{'Location': 'HAWAII'}
NULL,1903,NULL,-155.5827818,NULL,19.8967662,1903,{'Location': 'HAWAII'}
NULL,1903,NULL,-155.5827818,NULL,19.8967662,1903,{'Location': 'HAWAII'}
NULL,1903,NULL,-155.5827818,NULL,19.8967662,1903,{'Location': 'HAWAII'}
NULL,1903,NULL,-155.5827818,NULL,19.8967662,1903,{'Location': 'HAWAII'}
NULL,1903,NULL,-71,NULL,-28.5,1903,{'Location': 'NORTHERN CHILE'}
NULL,1904,NULL,-79,NULL,7,1904,{'Location': 'OFF THE COAST PANAMA-COLOMBIA'}
NULL,1904,NULL,120.8,NULL,1.5,1904,{'Location': 'CELEBES SEA'}
NULL,1904,NULL,-123.1386021,NULL,45.5469616,1904,{'Location': 'WASHINGTON-OREGON'}
NULL,1904,NULL,159,NULL,52,1904,{'Location': 'KAMCHATKA PENINSULA;RUSSIA'}
NULL,1904,NULL,159,NULL,52,1904,{'Location': 'KAMCHATKA PENINSULA;RUSSIA'}
NULL,1904,NULL,128.7,NULL,-3.6,1904,{'Location': 'BANDA SEA'}
NULL,1904,NULL,176.4,NULL,-40.4,1904,{'Location': 'CAPE TURNAGAIN'}
NULL,1904,NULL,177.2,NULL,-39.12,1904,{'Location': ''}
NULL,1904,NULL,109,NULL,-7.7,1904,{'Location': 'S. JAVA'}
NULL,1904,NULL,-82.8,NULL,9.2,1904,{'Location': 'BOCAS DEL TORO'}
NULL,1904,NULL,-159.777671,NULL,-21.236736,1904,{'Location': 'COOK IS.'}
NULL,1905,122.0,6.85,NULL,61.866,1905,{'Location': 'LOEN'}
NULL,1905,NULL,22.83,NULL,39.66,1905,{'Location': 'AEGEAN SEA'}
NULL,1905,NULL,-84.68,NULL,9.85,1905,{'Location': 'GULF OF NICOYA'}
NULL,1905,NULL,-113,NULL,19,1905,{'Location': 'REVILLAGIGEDO ISLANDS'}
NULL,1905,NULL,-2.0216798,NULL,48.6510142,1905,{'Location': 'MALO PASS'}
NULL,1905,19000.0,76,NULL,33,1905,{'Location': 'KANGRA;INDIA'}
NULL,1905,NULL,-139.58,NULL,60,1905,{'Location': 'DISENCHANTMENT BAY;AK'}
NULL,1905,114.0,142.6,NULL,37.4,1905,{'Location': 'JAPAN:  OFF FUKUSHIMA'}
NULL,1905,NULL,-172.525,NULL,-13.612,1905,{'Location': 'MATAVANU VOLCANO'}
NULL,1905,NULL,16,NULL,39,1905,{'Location': 'CALABRIAN ARC'}
NULL,1905,NULL,37.5,NULL,44.5,1905,{'Location': 'BLACK SEA'}
NULL,1905,NULL,42,NULL,42,1905,{'Location': 'CAUCASUS'}
NULL,1905,NULL,168.3,NULL,-17.7,1905,{'Location': 'PORT VILA'}
NULL,1905,NULL,168.3,NULL,-17.7,1905,{'Location': 'PORT VILA'}
NULL,1905,NULL,123.5,NULL,11,1905,{'Location': 'W. LUZON ISLAND'}
NULL,1905,NULL,153.4,NULL,-28.016667,1905,{'Location': 'GOLD COAST'}
NULL,1905,NULL,9.9,NULL,37.3,1905,{'Location': 'BALEARIC SEA'}
NULL,1906,2000.0,-81.5,NULL,1,1906,{'Location': 'OFF COAST'}
NULL,1906,NULL,-66.916,NULL,10.5,1906,{'Location': 'CARACAS'}
NULL,1906,NULL,-81,NULL,1,1906,{'Location': 'COLOMBIA-ECUADOR'}
NULL,1906,NULL,-77.033,NULL,3.9,1906,{'Location': 'BUENAVENTURA'}
NULL,1906,NULL,14.426,NULL,40.821,1906,{'Location': 'TYRRHENIAN SEA'}
NULL,1906,NULL,-122.5,NULL,37.7,1906,{'Location': 'N. CALIFORNIA'}
NULL,1906,NULL,-70.3,NULL,-18.5,1906,{'Location': 'NORTHERN CHILE'}
NULL,1906,NULL,-88.83,NULL,13.25,1906,{'Location': 'OFF COAST'}
NULL,1906,NULL,166.8417424,NULL,11.3246908,1906,{'Location': 'MARSHALL ISLANDS'}
NULL,1906,NULL,-117,NULL,33.9,1906,{'Location': 'S. CALIFORNIA'}
NULL,1906,4000.0,-72,100000000.0,-33,1906,{'Location': 'CENTRAL CHILE'}
NULL,1906,NULL,149,NULL,-7,1906,{'Location': 'SOLOMON SEA'}
NULL,1906,NULL,149,NULL,-4,1906,{'Location': 'BISMARCK SEA'}
NULL,1906,NULL,-123.1386021,NULL,45.5469616,1906,{'Location': 'WASHINGTON-OREGON'}
NULL,1906,NULL,0.3,NULL,6.5,1906,{'Location': 'GOLD COAST'}
NULL,1906,NULL,-172.525,NULL,-13.612,1906,{'Location': 'MATAVANU VOLCANO'}
NULL,1906,NULL,-71,NULL,-18,1906,{'Location': 'S. PERU'}
NULL,1906,NULL,-66.95,NULL,10.6,1906,{'Location': 'MAIQUETIA'}
NULL,1907,800.0,94.5,NULL,2,1907,{'Location': 'NW. SUMATRA'}
NULL,1907,1000.0,-76.8,30000000.0,18,1907,{'Location': 'JAMAICA'}
NULL,1907,NULL,122,NULL,3,1907,{'Location': 'KARAKELONG;TALAUD ISLANDS'}
NULL,1907,8.0,-100,NULL,17,1907,{'Location': 'S. MEXICO'}
NULL,1907,NULL,-172.525,NULL,-13.612,1907,{'Location': 'MATAVANU VOLCANO'}
NULL,1907,NULL,-172.525,NULL,-13.612,1907,{'Location': 'MATAVANU VOLCANO'}
NULL,1907,NULL,-172.525,NULL,-13.612,1907,{'Location': 'MATAVANU VOLCANO'}
NULL,1907,NULL,-172.525,NULL,-13.612,1907,{'Location': 'MATAVANU VOLCANO'}
NULL,1907,NULL,-172.525,NULL,-13.612,1907,{'Location': 'MATAVANU VOLCANO'}
NULL,1907,NULL,-175.65,NULL,-21.38,1907,{'Location': 'TONGA ISLANDS'}
NULL,1907,NULL,-135.5,NULL,59.5,1907,{'Location': 'SKAGWAY;AK'}
NULL,1907,NULL,-172.525,NULL,-13.612,1907,{'Location': 'MATAVANU VOLCANO'}
NULL,1907,158.0,16.017,NULL,38.133,1907,{'Location': 'IONIAN CALABRIA'}
NULL,1907,NULL,142.5,NULL,-3.1,1907,{'Location': 'BISMARCK SEA'}
NULL,1908,NULL,100,NULL,-2,1908,{'Location': 'SW. SUMATRA'}
NULL,1908,NULL,-146.2,NULL,61,1908,{'Location': 'PRINCE WILLIAM SOUND;AK'}
NULL,1908,NULL,129,NULL,-10,1908,{'Location': 'TIMOR SEA'}
NULL,1908,NULL,34,NULL,44,1908,{'Location': 'CRIMEA'}
NULL,1908,NULL,-62.133,NULL,48.958,1908,{'Location': 'GULF OF SAINT LAWRENCE'}
NULL,1908,NULL,-155,NULL,19,1908,{'Location': 'HAWAII'}
NULL,1908,NULL,-78,NULL,-14,1908,{'Location': 'S. PERU'}
NULL,1908,82000.0,15.58,116000000.0,38.17,1908,{'Location': 'MESSINA STRAIT;IONIAN SEA'}
NULL,1909,NULL,-159,NULL,-21,1909,{'Location': 'RAROTONGA'}
NULL,1909,NULL,141.5,NULL,34.5,1909,{'Location': 'OFF BOSO PENINSULA'}
NULL,1909,NULL,141.5,NULL,34.5,1909,{'Location': 'OFF BOSO PENINSULA'}
NULL,1909,NULL,101,NULL,-2,1909,{'Location': 'SUMATRA'}
NULL,1909,NULL,-70.5,NULL,-26.5,1909,{'Location': 'NORTHERN CHILE'}
NULL,1909,NULL,167.2,NULL,-15.5,1909,{'Location': 'VANUATU ISLANDS'}
NULL,1909,NULL,-99.8,NULL,16.8,1909,{'Location': 'S. MEXICO'}
NULL,1909,41.0,136.3,NULL,35.4,1909,{'Location': 'ANEGAWA;JAPAN'}
NULL,1909,600.0,-89.9985064,NULL,29.2326686,1909,{'Location': 'LOUISIANA: GRAND ISLE'}
NULL,1909,NULL,145,NULL,12.5,1909,{'Location': 'GUAM;MARIANA ISLANDS'}
NULL,1910,NULL,152.25,NULL,-4.25,1910,{'Location': 'MATUPI HARBOR'}
NULL,1910,NULL,175.9150389,NULL,-38.791557,1910,{'Location': 'LAKE TAUPO;NORTH ISLAND'}
NULL,1910,NULL,-165,NULL,64,1910,{'Location': 'NOME;AK'}
NULL,1910,NULL,166.5,NULL,-14,1910,{'Location': 'VANUATU ISLANDS'}
NULL,1910,NULL,-95.712891,NULL,37.09024,1910,{'Location': 'SAN FRANCISCO;CA'}
NULL,1910,NULL,127,NULL,4,1910,{'Location': 'SULAWESI'}
NULL,1910,NULL,125.5,NULL,9,1910,{'Location': 'SULU SEA'}
199.0,1911,1385.0,120.993,NULL,14.002,1911,{'Location': 'TAAL;LUZON ISLAND'}
NULL,1911,NULL,20.8,NULL,40.9,1911,{'Location': 'OCHRIDA LAKE'}
NULL,1911,NULL,152.25,NULL,-4.25,1911,{'Location': 'BLANCHE BAY;BISMARCK SEA'}
NULL,1911,NULL,1.2,NULL,6.1,1911,{'Location': 'GOLD COAST'}
NULL,1911,12.0,130,NULL,28,1911,{'Location': 'RYUKYU ISLANDS'}
NULL,1911,NULL,126,NULL,9,1911,{'Location': 'PHILIPPINE TRENCH'}
NULL,1911,NULL,-72,NULL,-20,1911,{'Location': 'NORTHERN CHILE'}
NULL,1911,NULL,-149,NULL,60.5,1911,{'Location': 'PRINCE WILLIAM SOUND;AK'}
NULL,1911,NULL,-61.2,NULL,10.5,1911,{'Location': 'TRINIDAD'}
NULL,1912,NULL,20.67,NULL,38.12,1912,{'Location': 'IONIAN SEA'}
NULL,1912,NULL,-81,NULL,42,1912,{'Location': 'SOUTHERN SHORE;LAKE ERIE (OHIO)'}
NULL,1912,NULL,142,NULL,40.5,1912,{'Location': 'SANRIKU'}
NULL,1912,NULL,27.2,NULL,40.5,1912,{'Location': 'MARMARA SEA'}
NULL,1912,NULL,138,NULL,7,1912,{'Location': 'CAROLINE ISLANDS'}
NULL,1913,NULL,171.5,NULL,-41.8,1913,{'Location': 'TASMAN SEA'}
NULL,1913,138.0,126.121,NULL,5.354,1913,{'Location': 'SANGIHE ISLAND'}
1.0,1913,NULL,-74.525,10000.0,39.314,1913,{'Location': 'LONGPORT;NJ'}
NULL,1913,NULL,-73.3,NULL,-16.6,1913,{'Location': 'S. PERU'}
NULL,1913,NULL,-74,NULL,-17,1913,{'Location': 'S. PERU'}
NULL,1913,NULL,148,NULL,-7,1913,{'Location': 'SOLOMON SEA'}
NULL,1913,NULL,-95.712891,NULL,37.09024,1913,{'Location': 'SANTA BARBARA;S. CALIFORNIA'}
112.0,1914,63.0,130.67,19000000.0,31.58,1914,{'Location': 'SEIKAIDO'}
NULL,1914,NULL,-76.6,NULL,-12,1914,{'Location': 'CENTRAL PERU'}
NULL,1914,NULL,10.2,NULL,43.5,1914,{'Location': 'LIGURIAN SEA'}
NULL,1914,NULL,-72,NULL,-17,1914,{'Location': 'S. PERU'}
NULL,1914,NULL,113.921327,NULL,-0.789275,1914,{'Location': 'INDONESIA'}
NULL,1914,NULL,136.943,NULL,-1.829,1914,{'Location': 'NW. IRIAN JAYA'}
NULL,1914,NULL,-62.133,NULL,48.958,1914,{'Location': 'GULF OF SAINT LAWRENCE'}
20.0,1914,20.0,101.82,NULL,-3.924,1914,{'Location': 'INDONESIA'}
NULL,1914,1.0,178.2,NULL,-37.8,1914,{'Location': 'TOLAGA BAY;NORTH ISLAND'}
NULL,1914,14.0,20.6,NULL,38.8,1914,{'Location': 'IONIAN SEA'}
NULL,1914,NULL,128.2,NULL,-3.7,1914,{'Location': 'AMBON ISLAND'}
NULL,1915,NULL,20.6,NULL,38.4,1915,{'Location': 'IONIAN SEA'}
NULL,1915,6.0,-169.66,NULL,-14.18,1915,{'Location': 'MANUA ISLANDS;AMERICAN SAMOA'}
NULL,1915,NULL,133.695,NULL,-3.644,1915,{'Location': 'KAIMANA'}
NULL,1915,NULL,20.7,NULL,38.5,1915,{'Location': 'IONIAN SEA'}
NULL,1915,NULL,143.95555,NULL,-6.314992999999999,1915,{'Location': 'HUON GULF;SOLOMON SEA'}
NULL,1915,NULL,-89,NULL,14,1915,{'Location': 'EL SALVADOR'}
NULL,1915,NULL,142.9,NULL,38.3,1915,{'Location': 'SANRIKU'}
NULL,1915,NULL,136,NULL,-1,1915,{'Location': 'NW. IRIAN JAYA'}
NULL,1915,NULL,119.5,NULL,18,1915,{'Location': 'W. LUZON ISLAND'}
NULL,1916,NULL,152.548,NULL,-4.739,1916,{'Location': 'BISMARCK SEA'}
NULL,1916,NULL,-85.65504709999999,NULL,10.5771919,1916,{'Location': 'COSTA RICA-PANAMA'}
NULL,1916,NULL,-82,25000.0,9.6,1916,{'Location': 'BOCAS DEL TORO'}
NULL,1916,NULL,15.233,NULL,38.817,1916,{'Location': 'STROMBOLI ISLAND'}
NULL,1916,NULL,12.667,NULL,43.967,1916,{'Location': 'CENTRAL ADRIATIC'}
NULL,1916,NULL,-67.77,NULL,10.46,1916,{'Location': 'OCUMARE DE LA COSTA DE ORO'}
NULL,1917,NULL,122.72,NULL,1.57,1917,{'Location': 'CELEBES SEA'}
NULL,1917,1500.0,116,NULL,-7,1917,{'Location': 'BALI SEA'}
NULL,1917,NULL,118.08,NULL,24.47,1917,{'Location': 'SOUTH CHINA SEA'}
NULL,1917,NULL,163,NULL,56.5,1917,{'Location': 'KAMCHATKA'}
2.0,1917,7.0,125,NULL,6,1917,{'Location': 'CELEBES SEA'}
NULL,1917,NULL,104.5,NULL,-0.25,1917,{'Location': 'LINGA ARCHIPELAGO'}
NULL,1917,NULL,116.6,NULL,-3.7,1917,{'Location': 'JAVA'}
NULL,1917,NULL,-177,NULL,-29.2,1917,{'Location': 'KERMADEC ISLANDS'}
NULL,1917,NULL,121.6,NULL,23.2,1917,{'Location': 'TAIWAN'}
NULL,1917,4.0,-173,NULL,-15.5,1917,{'Location': 'SAMOA ISLANDS'}
NULL,1917,NULL,143.5,NULL,-3,1917,{'Location': 'BISMARCK SEA'}
NULL,1917,2.0,-134.147,NULL,58.204,1917,{'Location': 'TAKU INLET;JUNEAU'}
NULL,1917,NULL,128.7,NULL,-3.6,1917,{'Location': 'BANDA SEA'}
NULL,1917,NULL,-153.9704329,NULL,-16.8088383,1917,{'Location': 'MAUPIHAA'}
NULL,1917,NULL,-177.5,NULL,-29,1917,{'Location': 'KERMADEC ISLANDS'}
9000.0,1917,2000.0,-63.583,NULL,44.633,1917,{'Location': 'HALIFAX;NOVA SCOTIA'}
NULL,1918,2000.0,117.2,NULL,23.5,1918,{'Location': 'GUANGDONG PROVINCE'}
NULL,1918,NULL,-71.5,NULL,-28.5,1918,{'Location': 'NORTHERN CHILE'}
NULL,1918,NULL,125.491,NULL,3.138,1918,{'Location': 'SULAWESI'}
NULL,1918,NULL,103,NULL,26.9,1918,{'Location': 'YUNNAN PROVINCE'}
NULL,1918,58.0,123,NULL,5.5,1918,{'Location': 'CELEBES SEA'}
14.0,1918,46.0,151.5,NULL,45.5,1918,{'Location': 'S. KURIL ISLANDS'}
NULL,1918,284.0,-67.5,8000000.0,18.5,1918,{'Location': 'PUERTO RICO: MONA PASSAGE'}
NULL,1918,NULL,-67.5,NULL,18.5,1918,{'Location': 'PUERTO RICO'}
NULL,1918,NULL,151.5,NULL,44.5,1918,{'Location': 'S. KURIL ISLANDS'}
NULL,1918,NULL,-71,NULL,-26,1918,{'Location': 'NORTHERN CHILE'}
NULL,1918,NULL,-19.020835,NULL,64.963051,1918,{'Location': 'ICELAND'}
NULL,1919,NULL,126,NULL,8,1919,{'Location': 'MINDANAO ISLAND;PHILIPPINES'}
NULL,1919,NULL,-176.6,NULL,-19.6,1919,{'Location': 'TONGA ISLANDS'}
NULL,1919,NULL,-155.5827818,NULL,19.8967662,1919,{'Location': 'HAWAII'}
NULL,1919,NULL,124.85,NULL,-9,1919,{'Location': 'TIMOR SEA'}
NULL,1919,NULL,125.491,NULL,3.138,1919,{'Location': 'SULAWESI'}
NULL,1919,NULL,-155.5827818,NULL,19.8967662,1919,{'Location': 'HAWAII'}
NULL,1919,NULL,-172.6,NULL,-19,1919,{'Location': 'TONGA ISLANDS'}
NULL,1919,NULL,-172.515,NULL,-18.352,1919,{'Location': 'TONGA ISLANDS'}
NULL,1919,NULL,153.714,NULL,-4.852,1919,{'Location': 'SOLOMON SEA'}
NULL,1919,4.0,15.213,NULL,38.789,1919,{'Location': 'STROMBOLI ISLAND'}
NULL,1919,NULL,-88.291,NULL,12.33,1919,{'Location': 'GULF OF FONSECA'}
NULL,1919,NULL,-71.6,NULL,10.6,1919,{'Location': 'LAGO DE MARACAIBO'}
NULL,1919,NULL,-155.9,NULL,19.23,1919,{'Location': 'ALIKA;HAWAII'}
NULL,1919,NULL,12.6,NULL,41.4,1919,{'Location': 'TYRRHENIAN SEA'}
NULL,1919,NULL,140.75,NULL,-2.55,1919,{'Location': 'NW. IRIAN JAYA'}
NULL,1919,NULL,33,NULL,44,1919,{'Location': 'CRIMEA'}
NULL,1920,NULL,122.92,NULL,0.87,1920,{'Location': 'N. MOLUCCAS ISLANDS'}
NULL,1920,NULL,150,NULL,-6.5,1920,{'Location': 'SOLOMON SEA'}
NULL,1920,NULL,-73.5,NULL,-38,1920,{'Location': 'CENTRAL CHILE'}
NULL,1920,NULL,-170,NULL,-15,1920,{'Location': 'PAGO PAGO;AMERICAN SAMOA'}
NULL,1920,NULL,168.53,NULL,-19.919,1920,{'Location': 'VANUATU ISLANDS'}
NULL,1920,NULL,104.9,NULL,36.7,1920,{'Location': 'CHINA: GANSU AND SHANXI PROVINCES'}
NULL,1920,NULL,19.5,NULL,40.5,1920,{'Location': 'ALBANIAN COASTS'}
NULL,1921,NULL,117.9,NULL,0.7,1921,{'Location': 'MAKASSAR STRAIT'}
NULL,1921,NULL,124.38,NULL,40.13,1921,{'Location': 'XIAOSI;DANDONG;LIAONING'}
NULL,1921,NULL,111,NULL,-11,1921,{'Location': 'JAVA'}
NULL,1921,NULL,127,NULL,8,1921,{'Location': 'PHILIPPINE TRENCH'}
NULL,1921,NULL,-155.5827818,NULL,19.8967662,1921,{'Location': 'HAWAII'}
NULL,1922,NULL,-73,NULL,-16.5,1922,{'Location': 'S. PERU'}
NULL,1922,NULL,143,NULL,-7,1922,{'Location': 'BISMARCK SEA'}
NULL,1922,NULL,128.9,NULL,-3.3,1922,{'Location': 'BANDA SEA'}
NULL,1922,5.0,124.1,NULL,10.2,1922,{'Location': 'CEBU ISLAND'}
NULL,1922,NULL,123.25,NULL,9,1922,{'Location': 'SULU SEA'}
NULL,1922,NULL,100.35,NULL,-1,1922,{'Location': 'SW. SUMATRA'}
NULL,1922,NULL,-90.065918,NULL,25.304304,1922,{'Location': 'GULF OF MEXICO'}
NULL,1922,NULL,95.2,NULL,5.5,1922,{'Location': 'LHOKNGA;ACEH'}
NULL,1922,NULL,23.2,NULL,37.5,1922,{'Location': 'AEGEAN SEA'}
7.0,1922,5.0,122,NULL,24.5,1922,{'Location': 'TAIWAN'}
NULL,1922,NULL,160.4312897,NULL,-40.8580795,1922,{'Location': 'TASMAN SEA'}
NULL,1922,NULL,-72,NULL,-28,1922,{'Location': 'NORTHERN CHILE'}
NULL,1922,900.0,-70.755,NULL,-28.553,1922,{'Location': 'NORTHERN CHILE'}
NULL,1922,NULL,173,NULL,-43,1922,{'Location': 'SE. NEW ZEALAND'}
NULL,1923,NULL,-124.5,NULL,40.8,1923,{'Location': 'N. CALIFORNIA'}
NULL,1923,6.0,161,3000000.0,54,1923,{'Location': 'KAMCHATKA'}
NULL,1923,NULL,-72.42,NULL,-35.33,1923,{'Location': 'CENTRAL CHILE'}
NULL,1923,NULL,124,NULL,6.5,1923,{'Location': 'MINDANAO ISLAND;PHILIPPINES'}
NULL,1923,NULL,-80.1,NULL,-26.3,1923,{'Location': 'SAN FELIX ISLAND'}
800.0,1923,36.0,162.5,NULL,56.5,1923,{'Location': 'KAMCHATKA'}
NULL,1923,NULL,-71.75,NULL,-28.75,1923,{'Location': 'NORTHERN CHILE'}
NULL,1923,NULL,-68.9259629,NULL,-22.4593853,1923,{'Location': 'NORTHERN CHILE'}
NULL,1923,NULL,141.8,NULL,35.4,1923,{'Location': 'KASHIMA;JAPAN'}
NULL,1923,NULL,125,NULL,9.3,1923,{'Location': 'BUTUAN;SULU SEA'}
NULL,1923,4.0,-73.5,NULL,40.6,1923,{'Location': 'ROCKAWAY BEACH;NY'}
NULL,1923,NULL,-70.3,NULL,-18.5,1923,{'Location': 'NORTHERN CHILE'}
NULL,1923,NULL,127.766922,NULL,35.907757,1923,{'Location': 'KOREA'}
90642.0,1923,144951.0,139.5,600000000.0,35.1,1923,{'Location': 'SAGAMI BAY'}
NULL,1923,NULL,140.2,NULL,34.9,1923,{'Location': 'RYUKYU ISLANDS'}
NULL,1923,1.0,-120.8958242,NULL,38.8375215,1923,{'Location': 'N. CALIFORNIA'}
NULL,1923,NULL,151.5,NULL,-4.5,1923,{'Location': 'BISMARCK SEA'}
NULL,1923,NULL,152,NULL,-5,1923,{'Location': 'NEW BRITAIN'}
NULL,1924,NULL,142.436,NULL,49.179,1924,{'Location': 'TATAR STRAIT'}
NULL,1924,NULL,140.5888856,NULL,47.9601604,1924,{'Location': 'TATAR STRAIT'}
NULL,1924,NULL,126.5,NULL,6.5,1924,{'Location': 'E. MINDANAO ISLAND'}
NULL,1924,NULL,140.5888856,NULL,47.9601604,1924,{'Location': 'TATAR STRAIT'}
NULL,1924,NULL,118,NULL,16,1924,{'Location': 'PHILIPPINES'}
NULL,1924,NULL,-155.5827818,NULL,19.8967662,1924,{'Location': 'HAWAII'}
NULL,1924,NULL,121.2626366,NULL,16.5662318,1924,{'Location': 'W. LUZON ISLAND'}
NULL,1924,NULL,157.5,NULL,-56,1924,{'Location': 'MACQUARIE ISLAND'}
NULL,1924,NULL,-176.567,NULL,-43.95,1924,{'Location': 'CHATHAM I.'}
4.0,1924,NULL,-73.983,NULL,40.567,1924,{'Location': 'CONEY ISLAND;NY'}
NULL,1924,NULL,-21.95,NULL,64.15,1924,{'Location': 'ICELAND: REYKJAVIK'}
NULL,1924,NULL,126.5,NULL,8.5,1924,{'Location': 'E. MINDANAO ISLAND'}
NULL,1925,NULL,115,NULL,-8,1925,{'Location': 'BANDA SEA'}
NULL,1925,NULL,-146,NULL,60,1925,{'Location': 'GULF OF ALASKA;AK'}
NULL,1925,NULL,-106.1,NULL,14.583,1925,{'Location': ''}
NULL,1925,17.0,122.7,NULL,9.3,1925,{'Location': 'W. LUZON ISLAND'}
NULL,1925,NULL,12.56738,NULL,41.87194,1925,{'Location': 'CALABRIAN ARC'}
NULL,1925,NULL,-71.5,NULL,-26,1925,{'Location': 'NORTHERN CHILE'}
NULL,1925,NULL,122.1,NULL,12.2,1925,{'Location': 'W. LUZON ISLAND'}
NULL,1925,NULL,-119.4179324,NULL,36.778261,1925,{'Location': 'CALIFORNIA'}
NULL,1925,NULL,125,NULL,13,1925,{'Location': 'PHILIPPINE SEA'}
NULL,1925,NULL,-107,NULL,18.5,1925,{'Location': 'S. MEXICO'}
NULL,1925,NULL,120.8958242,NULL,8.5190434,1925,{'Location': 'SULU SEA'}
NULL,1925,NULL,138,NULL,10,1925,{'Location': 'CAROLINE ISLANDS'}
NULL,1926,NULL,-68.35,NULL,44.233,1926,{'Location': 'BERNARD;ME'}
NULL,1926,NULL,159.5,NULL,-9,1926,{'Location': 'SOLOMON SEA'}
NULL,1926,NULL,-155.5,NULL,20.5,1926,{'Location': 'HAWAII'}
NULL,1926,2.0,-159.777671,NULL,-21.236736,1926,{'Location': 'COOK ISLANDS'}
NULL,1926,NULL,100.6,NULL,-0.7,1926,{'Location': 'SW. SUMATRA'}
NULL,1926,NULL,-2.131,NULL,49.21,1926,{'Location': 'ENGLISH CHANNEL'}
NULL,1926,NULL,128,NULL,35,1926,{'Location': 'S. OF KOREA'}
NULL,1926,NULL,14.833,NULL,38.567,1926,{'Location': 'AEOLIAN ISLANDS'}
NULL,1926,NULL,-28.4,NULL,38.3,1926,{'Location': 'AZORES'}
NULL,1926,NULL,23.3,NULL,36.5,1926,{'Location': 'ARGOLIKOS GULF'}
NULL,1926,NULL,159.519,NULL,-9.674,1926,{'Location': 'SOLOMON ISLANDS'}
NULL,1926,NULL,-71,NULL,-28,1926,{'Location': 'NORTHERN CHILE'}
NULL,1926,NULL,-8.224454,NULL,39.39987199999999,1926,{'Location': 'PORTUGAL'}
NULL,1927,2.0,-115.5,6000000.0,32.5,1927,{'Location': 'S. CALIFORNIA'}
NULL,1927,NULL,3,NULL,59,1927,{'Location': 'WESTERN NORWAY'}
3295.0,1927,3022.0,135.1,NULL,35.6,1927,{'Location': 'SW. HONSHU ISLAND'}
NULL,1927,NULL,34.4,NULL,44.4,1927,{'Location': 'CRIMEA;BLACK SEA'}
NULL,1927,268.0,35.5,NULL,32,1927,{'Location': 'DEAD SEA'}
NULL,1927,NULL,142,NULL,37.9,1927,{'Location': 'SANRIKU'}
NULL,1927,NULL,142,NULL,34.2,1927,{'Location': 'KASHIMA;JAPAN'}
NULL,1927,NULL,-104,NULL,17,1927,{'Location': 'MEXICO'}
122.0,1927,11.0,34.5,NULL,44.4,1927,{'Location': 'CRIMEA;BLACK SEA'}
NULL,1927,NULL,-95.712891,NULL,37.09024,1927,{'Location': 'SE. ALASKA;AK'}
NULL,1927,NULL,-136.07,NULL,57.69,1927,{'Location': 'SE. ALASKA;AK'}
NULL,1927,NULL,-120.774,NULL,34.813,1927,{'Location': 'S. CALIFORNIA'}
NULL,1927,NULL,-73,NULL,-44.6,1927,{'Location': 'SOUTHERN CHILE'}
100.0,1927,100.0,119.7,NULL,-0.7,1927,{'Location': 'SULAWESI'}
NULL,1927,NULL,160.039,NULL,55.663,1927,{'Location': 'KAMCHATKA'}
NULL,1927,NULL,178.31,NULL,-38.37,1927,{'Location': 'TOLAGA BAY;NORTH ISLAND'}
NULL,1928,NULL,-125,NULL,49,1928,{'Location': 'BRITISH COLUMBIA'}
NULL,1928,NULL,-96.1,NULL,15.67,1928,{'Location': 'MEXICO'}
NULL,1928,NULL,105.423,NULL,-6.102,1928,{'Location': 'KRAKATAU'}
700.0,1928,170.0,27.4,NULL,38.1,1928,{'Location': 'EAST AEGEAN'}
NULL,1928,NULL,-70.4,NULL,-23.7,1928,{'Location': 'NORTHERN CHILE'}
NULL,1928,20.0,-69.6,NULL,-13,1928,{'Location': 'S. PERU'}
NULL,1928,20.0,23,NULL,38,1928,{'Location': 'CORINTHOS-PATRAS GULF'}
NULL,1928,NULL,23.5,NULL,38,1928,{'Location': 'AEGEAN SEA'}
NULL,1928,NULL,23,NULL,38,1928,{'Location': 'GRECIAN ARCHIPELAGO;CRETE'}
NULL,1928,NULL,-69.5,NULL,-13,1928,{'Location': 'S. PERU'}
NULL,1928,NULL,25.268555,NULL,39.019184,1928,{'Location': 'AEGEAN SEA'}
NULL,1928,NULL,29.1,NULL,39.6,1928,{'Location': 'NORTH AEGEAN'}
NULL,1928,NULL,26.8,NULL,40.8,1928,{'Location': 'WESTERN TURKEY'}
NULL,1928,NULL,-174.36,NULL,-19.83,1928,{'Location': 'LIFUKA ISLAND'}
NULL,1928,NULL,143.2,NULL,40,1928,{'Location': 'SANRIKU'}
NULL,1928,NULL,141.354,NULL,43.062,1928,{'Location': 'SAPPORO'}
NULL,1928,NULL,120.9,NULL,12.4,1928,{'Location': 'SULU SEA'}
NULL,1928,4.0,-97.036,NULL,16.028,1928,{'Location': 'S. MEXICO'}
NULL,1928,NULL,-79,NULL,-5.5,1928,{'Location': 'N. PERU'}
NULL,1928,354.0,121.708,NULL,-8.32,1928,{'Location': 'FLORES SEA'}
NULL,1928,NULL,-63.25624819999999,NULL,10.6429802,1928,{'Location': 'CARUPANO'}
NULL,1928,NULL,-70.5,NULL,-22.5,1928,{'Location': 'NORTHERN CHILE'}
NULL,1928,279.0,-72,NULL,-35,1928,{'Location': 'CENTRAL CHILE'}
204.0,1928,101.0,124,NULL,7,1928,{'Location': 'CELEBES SEA'}
NULL,1928,NULL,-58,NULL,48.967,1928,{'Location': 'CURLING;NEWFOUNDLAND'}
NULL,1929,NULL,-65.6,NULL,10.6,1929,{'Location': 'CUMANA'}
NULL,1929,NULL,-169.71,NULL,50.88,1929,{'Location': 'FOX ISLANDS;ALEUTIAN ISLANDS'}
NULL,1929,NULL,132.2,NULL,31.7,1929,{'Location': 'HIUGANADA'}
NULL,1929,NULL,-131,NULL,51,1929,{'Location': 'BRITISH COLUMBIA'}
NULL,1929,NULL,127,NULL,8.5,1929,{'Location': 'E. MINDANAO ISLAND'}
NULL,1929,17.0,172.25,NULL,-41.75,1929,{'Location': 'TASMAN SEA'}
NULL,1929,NULL,-70.4,NULL,-23.7,1929,{'Location': 'NORTHERN CHILE'}
NULL,1929,NULL,-78.3,NULL,42.9,1929,{'Location': 'ATTICA;NEW YORK'}
NULL,1929,12.0,95.567,NULL,4.633,1929,{'Location': 'TJALANG;N.W. SUMATRA'}
NULL,1929,56.0,-56,2000000.0,44.69,1929,{'Location': 'GRAND BANKS;NEWFOUNDLAND'}
NULL,1930,NULL,119.4,NULL,32.2,1930,{'Location': 'JIANGSU PROVINCE'}
NULL,1930,NULL,-3,NULL,36,1930,{'Location': 'OFF SOUTHERN COAST'}
NULL,1930,NULL,-155.5827818,NULL,19.8967662,1930,{'Location': 'HAWAII'}
NULL,1930,NULL,105.423,NULL,-6.102,1930,{'Location': 'KRAKATAU'}
NULL,1930,NULL,9.85,NULL,63.317,1930,{'Location': 'MID-NORWAY'}
NULL,1930,1000.0,96.5,NULL,17.3,1930,{'Location': 'MYANMAR COAST'}
NULL,1930,NULL,105.3,NULL,-5.6,1930,{'Location': 'SOUTH OF JAVA'}
NULL,1930,NULL,114.3,NULL,-9.3,1930,{'Location': 'SOUTH OF JAVA'}
NULL,1930,2.0,-118.643,NULL,34.03,1930,{'Location': 'S. CALIFORNIA'}
20.0,1930,7.0,15.213,NULL,38.789,1930,{'Location': 'STROMBOLI ISLAND'}
NULL,1930,NULL,124.57,NULL,1.2,1930,{'Location': 'CELEBES SEA'}
NULL,1930,NULL,145.46,NULL,-4.423,1930,{'Location': 'BISMARCK SEA'}
NULL,1930,18.0,13.267,NULL,43.667,1930,{'Location': 'CENTRAL ADRIATIC'}
NULL,1930,NULL,39.667,NULL,-4.05,1930,{'Location': 'MOMBASA'}
16.0,1930,54.0,144.3,NULL,-1.3,1930,{'Location': 'BISMARCK SEA'}
NULL,1930,NULL,-71,NULL,-28.5,1930,{'Location': 'NORTHERN CHILE'}
NULL,1931,256.0,176.025,25000000.0,-39.772,1931,{'Location': 'N. NEW ZEALAND'}
NULL,1931,NULL,177,NULL,-39.5,1931,{'Location': 'N. NEW ZEALAND'}
NULL,1931,NULL,177,NULL,-39.5,1931,{'Location': 'N. NEW ZEALAND'}
NULL,1931,NULL,142.5,NULL,41.2,1931,{'Location': 'SANRIKU'}
NULL,1931,NULL,-72,NULL,-32.5,1931,{'Location': 'CENTRAL CHILE'}
NULL,1931,NULL,1.067,NULL,54,1931,{'Location': 'DOGGER BANK;ENGLAND'}
NULL,1931,NULL,142.077,NULL,-3.417,1931,{'Location': 'BISMARCK SEA'}
NULL,1931,8.0,-74.417,NULL,39.35,1931,{'Location': 'ATLANTIC CITY;NJ'}
NULL,1931,NULL,-27.1,NULL,38.4,1931,{'Location': 'AZORES'}
NULL,1931,NULL,102.75,NULL,-5,1931,{'Location': 'SW. SUMATRA'}
NULL,1931,100.0,161.016,NULL,-10.932,1931,{'Location': 'SAN CRISTOBAL ISLAND'}
NULL,1931,1.0,132.1,NULL,32.2,1931,{'Location': 'SEIKAIDO'}
NULL,1931,NULL,-80.4,NULL,22.8,1931,{'Location': 'NORTHERN COAST (LAS VILLAS)'}
NULL,1932,NULL,-75.8,NULL,20,1932,{'Location': 'SANTIAGO DE CUBA'}
NULL,1932,NULL,12.56738,NULL,41.87194,1932,{'Location': 'CALABRIAN ARC'}
120.0,1932,404.0,-104.25,NULL,19.5,1932,{'Location': 'CENTRAL MEXICO'}
NULL,1932,NULL,-103.632,NULL,19.452,1932,{'Location': 'CENTRAL MEXICO'}
200.0,1932,150.0,-104.5,NULL,19,1932,{'Location': 'CENTRAL MEXICO'}
NULL,1932,NULL,-99.0403085,NULL,19.586396,1932,{'Location': 'S. MEXICO'}
NULL,1932,NULL,128.35,NULL,-3.57,1932,{'Location': 'JAVA TRENCH'}
NULL,1932,NULL,177.5,NULL,-39,1932,{'Location': 'N. NEW ZEALAND'}
669.0,1932,161.0,23.9,NULL,40.5,1932,{'Location': 'NORTH AEGEAN'}
NULL,1932,NULL,-64.2,NULL,10.5,1932,{'Location': 'CUMANA'}
NULL,1932,NULL,-73.7965732,NULL,40.7852326,1932,{'Location': 'WILLETTS POINT;NEW YORK'}
NULL,1933,2.0,154.508,NULL,49.12,1933,{'Location': 'KHARIMKOTAN;N. KURIL ISLANDS'}
NULL,1933,NULL,-71,NULL,-20,1933,{'Location': 'NORTHERN CHILE'}
NULL,1933,6044.0,144.622,NULL,39.224,1933,{'Location': 'SANRIKU'}
NULL,1933,NULL,-117.966,NULL,33.616,1933,{'Location': 'S. CALIFORNIA'}
NULL,1933,NULL,27.2,NULL,36.8,1933,{'Location': 'COS;DODECANESE'}
NULL,1933,NULL,0.6,NULL,6.9,1933,{'Location': 'GOLD COAST'}
NULL,1933,NULL,142.4,NULL,38.1,1933,{'Location': 'SANRIKU'}
NULL,1933,NULL,-81,NULL,-2,1933,{'Location': 'ECUADOR'}
NULL,1933,NULL,151,NULL,-5,1933,{'Location': 'BISMARCK SEA'}
NULL,1933,18.0,124.05,NULL,12.77,1933,{'Location': 'E. SAMAR ISLAND'}
NULL,1934,10600.0,86.76,NULL,26.773,1934,{'Location': 'BIHAR-NEPAL;GANGES RIVER'}
NULL,1934,NULL,119,NULL,17.5,1934,{'Location': 'SOUTH CHINA SEA'}
NULL,1934,80.0,7.417,NULL,62.228,1934,{'Location': 'TAFJORD'}
NULL,1934,NULL,-18.25,NULL,66,1934,{'Location': 'ICELAND'}
4.0,1934,NULL,-82.5,50000.0,8,1934,{'Location': 'COSTA RICA-PANAMA'}
NULL,1934,NULL,166.731,NULL,-11.907,1934,{'Location': 'SOLOMON ISLANDS'}
NULL,1934,NULL,165.503,NULL,-11.139,1934,{'Location': 'SOLOMON ISLANDS'}
NULL,1934,NULL,-118.2,150000.0,33.7,1934,{'Location': 'S. CALIFORNIA'}
NULL,1934,NULL,-105.5,NULL,18.5,1934,{'Location': 'MEXICO'}
NULL,1934,NULL,-69.5,NULL,-19.5,1934,{'Location': 'NORTHERN CHILE'}
NULL,1934,NULL,152.2,NULL,-4.2,1934,{'Location': 'BISMARCK SEA'}
NULL,1935,60000.0,66.8,25000000.0,29.5,1935,{'Location': 'QUETTA'}
NULL,1935,NULL,141.4,NULL,36.6,1935,{'Location': 'JAPAN'}
NULL,1935,NULL,141.416,NULL,-3.824,1935,{'Location': 'BISMARCK SEA'}
NULL,1935,NULL,143.7,NULL,39.9,1935,{'Location': 'SANRIKU'}
NULL,1935,NULL,144.3,NULL,40.7,1935,{'Location': 'SANRIKU'}
NULL,1935,NULL,-155.5,NULL,19.5,1935,{'Location': 'HAWAII'}
NULL,1935,NULL,94,NULL,5.5,1935,{'Location': 'CELEBES SEA'}
NULL,1935,100.0,103.6,NULL,28.7,1935,{'Location': 'SICHUAN PROVINCE'}
NULL,1935,NULL,98.25,NULL,0.001,1935,{'Location': 'SW. SUMATRA'}
NULL,1936,NULL,-71.49968319999999,NULL,41.3911862,1936,{'Location': 'GOOSE BAY;SOUTH ISLAND'}
NULL,1936,NULL,166.9,NULL,-0.5,1936,{'Location': 'NAURU;OCEAN ISLAND'}
3.0,1936,NULL,126.5,NULL,4.5,1936,{'Location': 'SULAWESI'}
40.0,1936,1.0,-70,NULL,-24.5,1936,{'Location': 'NORTHERN CHILE'}
20.0,1936,9.0,94.7,NULL,6.1,1936,{'Location': 'OFF NORTHWEST COAST'}
NULL,1936,73.0,6.851,NULL,61.87,1936,{'Location': 'LOEN'}
NULL,1936,NULL,-137.1,NULL,58.6,1936,{'Location': 'LITUYA BAY;AK'}
NULL,1936,NULL,142.2,NULL,38.2,1936,{'Location': 'SANRIKU'}
NULL,1936,NULL,164,NULL,55.2,1936,{'Location': 'KAMCHATKA'}
NULL,1937,507.0,152.203,NULL,-4.271,1937,{'Location': 'RABAUL'}
NULL,1937,1.0,121.5,NULL,14.5,1937,{'Location': 'W. LUZON ISLAND'}
NULL,1937,NULL,162.5,NULL,56,1937,{'Location': 'KAMCHATKA'}
NULL,1937,NULL,-165,NULL,58,1937,{'Location': 'BERING SEA;AK'}
NULL,1937,NULL,165,NULL,58,1937,{'Location': 'KAMCHATKA'}
NULL,1937,NULL,132.3,NULL,-3,1937,{'Location': 'BANDA SEA'}
NULL,1938,NULL,29.2,NULL,-1.408,1938,{'Location': 'NYAMURAGIRA'}
NULL,1938,NULL,130.5,NULL,-5.25,1938,{'Location': 'BANDA SEA'}
NULL,1938,NULL,132.3,NULL,-3,1938,{'Location': 'BANDA SEA'}
NULL,1938,NULL,153.1,NULL,-5.1,1938,{'Location': 'SOLOMON SEA'}
NULL,1938,NULL,-131.9,NULL,52.2,1938,{'Location': 'BRITISH COLUMBIA'}
NULL,1938,NULL,6.967,NULL,62.333,1938,{'Location': 'WESTERN NORWAY'}
NULL,1938,NULL,147.8,NULL,-6,1938,{'Location': 'SOLOMON SEA'}
NULL,1938,34.0,120,NULL,-1,1938,{'Location': 'MAKASSAR STRAIT'}
NULL,1938,NULL,141.4,NULL,36.7,1938,{'Location': 'JAPAN TRENCH'}
NULL,1938,2.0,144.3,NULL,43.6,1938,{'Location': 'E. HOKKAIDO ISLAND'}
NULL,1938,NULL,125.115,NULL,25.321,1938,{'Location': 'RYUKYU ISLANDS'}
NULL,1938,NULL,-74.12,1310000.0,39.95,1938,{'Location': 'NEW JERSEY COAST'}
NULL,1938,1.0,141.7,NULL,37.1,1938,{'Location': 'SANRIKU'}
NULL,1938,NULL,141.7,NULL,37.2,1938,{'Location': 'SANRIKU'}
NULL,1938,NULL,141.8,NULL,37.5,1938,{'Location': 'OFF FUKUSHIMA PREFECTURE'}
NULL,1938,NULL,141.7,NULL,37,1938,{'Location': 'OFF FUKUSHIMA PREFECTURE'}
NULL,1938,NULL,141.2,NULL,37.6,1938,{'Location': 'SANRIKU'}
NULL,1938,NULL,-158.37,NULL,55.48,1938,{'Location': 'SHUMAGIN ISLANDS;AK'}
NULL,1938,NULL,141.5,NULL,37,1938,{'Location': 'SANRIKU'}
NULL,1938,NULL,141.6,NULL,37.4,1938,{'Location': 'SANRIKU'}
NULL,1938,NULL,142.1,NULL,36.7,1938,{'Location': 'SANRIKU'}
NULL,1938,NULL,142.2,NULL,37,1938,{'Location': 'SANRIKU'}
NULL,1939,30000.0,-72.25,920000000.0,-36.25,1939,{'Location': 'CENTRAL CHILE'}
NULL,1939,NULL,14.7,NULL,38.5,1939,{'Location': 'CALABRIAN ARC'}
NULL,1939,5.0,155.386,NULL,-7.08,1939,{'Location': 'SOLOMON SEA'}
NULL,1939,1.0,132,NULL,32.3,1939,{'Location': 'SEIKAIDO'}
NULL,1939,NULL,-70.5,NULL,-27,1939,{'Location': 'NORTHERN CHILE'}
NULL,1939,24.0,159.234,NULL,-9.295,1939,{'Location': 'SOLOMON ISLANDS'}
52.0,1939,27.0,139.5,NULL,40.1,1939,{'Location': 'NW. HONSHU ISLAND'}
NULL,1939,NULL,121.25,NULL,13.5,1939,{'Location': 'TAYABAS BAY;SULU SEA'}
NULL,1939,NULL,-24.427,NULL,37.053,1939,{'Location': 'AZORES'}
NULL,1939,NULL,-0.13,NULL,5.18,1939,{'Location': 'GOLD COAST'}
NULL,1939,NULL,-79.1,NULL,22.2,1939,{'Location': 'SANTA CLARA'}
NULL,1939,NULL,123,NULL,0,1939,{'Location': 'N. MOLUCCAS ISLANDS'}
NULL,1939,32700.0,39.533,20000000.0,39.77,1939,{'Location': 'SOUTH BLACK SEA'}
NULL,1940,NULL,13.467,NULL,38.067,1940,{'Location': 'NORTHERN SICILY'}
3500.0,1940,179.0,-77,NULL,-10.5,1940,{'Location': 'CENTRAL PERU'}
NULL,1940,20.0,139.5,NULL,44.2,1940,{'Location': 'W. HOKKAIDO ISLAND'}
NULL,1940,NULL,13.167,NULL,65.883,1940,{'Location': 'NORTHERN NORWAY'}
NULL,1940,NULL,-71,NULL,-22,1940,{'Location': 'NORTHERN CHILE'}
NULL,1940,NULL,-74.5,NULL,-41.5,1940,{'Location': 'SOUTHERN CHILE'}
NULL,1941,4.0,152.071,NULL,-4.175,1941,{'Location': 'BISMARCK SEA'}
NULL,1941,NULL,-125.25,NULL,40.5,1941,{'Location': 'NORTHERN CALIFORNIA'}
NULL,1941,NULL,12.2,NULL,38.3,1941,{'Location': 'CALABRIAN ARC'}
NULL,1941,NULL,92.5,NULL,12.5,1941,{'Location': 'ANDAMAN SEA;E. COAST INDIA'}
NULL,1941,4.0,132.1,NULL,32,1941,{'Location': 'SEIKAIDO'}
NULL,1941,NULL,-18.983,NULL,37.417,1941,{'Location': 'AZORES GIBRALTAR FRACTURE ZONE'}
NULL,1941,6.0,-83.2,NULL,8.7,1941,{'Location': 'COSTA RICA-PANAMA'}
NULL,1941,NULL,-84,NULL,8.5,1941,{'Location': 'COSTA RICA-PANAMA'}
NULL,1942,NULL,-74.5,NULL,4.6,1942,{'Location': 'COLOMBIA'}
25.0,1942,30.0,-76,NULL,-15,1942,{'Location': 'S. PERU'}
NULL,1943,11.0,-72,NULL,-30.75,1943,{'Location': 'CENTRAL CHILE'}
NULL,1943,NULL,143.3,NULL,41.2,1943,{'Location': 'SE. HOKKAIDO ISLAND'}
NULL,1944,NULL,-95.712891,NULL,37.09024,1944,{'Location': 'COLUMBIA RIVER VALLEY;WA'}
NULL,1944,NULL,15.213,NULL,38.789,1944,{'Location': 'STROMBOLI ISlAND'}
NULL,1944,NULL,-74.9,NULL,38.933,1944,{'Location': 'NEW JERSEY COAST'}
4270.0,1944,2446.0,137.1,NULL,34,1944,{'Location': 'OFF SOUTHEAST COAST KII PENINSULA'}
NULL,1944,NULL,-74,NULL,40.3,1944,{'Location': 'CONEY ISLAND;NY'}
896.0,1945,2306.0,137.2,NULL,34.7,1945,{'Location': 'TOKAIDO'}
NULL,1945,2.0,142.1,NULL,40.9,1945,{'Location': 'SANRIKU'}
NULL,1945,8000.0,63,50000000.0,24.5,1945,{'Location': 'MAKRAN COAST'}
NULL,1946,334.0,-162.832,52092000.0,53.492,1946,{'Location': 'UNIMAK ISLAND;AK'}
NULL,1946,NULL,-124.92,NULL,49.87,1946,{'Location': 'BRITISH COLUMBIA'}
NULL,1946,2.0,-70.5,NULL,-26.5,1946,{'Location': 'NORTHERN CHILE'}
NULL,1946,3580.0,-69,NULL,19.25,1946,{'Location': 'NORTHEASTERN COAST'}
NULL,1946,150.0,-69.5,NULL,19.5,1946,{'Location': 'NORTHEASTERN COAST'}
NULL,1946,NULL,-76.25,NULL,-14,1946,{'Location': 'S. PERU'}
NULL,1946,NULL,-174.5,NULL,51.5,1946,{'Location': 'ANDREANOF ISLANDS;AK'}
NULL,1946,NULL,153.1,NULL,48.1,1946,{'Location': 'N. KURIL ISLANDS'}
NULL,1946,2724.0,135.6,NULL,33,1946,{'Location': 'HONSHU: S COAST'}
NULL,1947,NULL,-155.5827818,NULL,19.8967662,1947,{'Location': 'HAWAII'}
NULL,1947,NULL,178.87,NULL,-38.85,1947,{'Location': 'OFF COAST OF NORTH ISLAND'}
NULL,1947,NULL,178.88,NULL,-38.42,1947,{'Location': 'OFF COAST OF NORTH ISLAND'}
20.0,1947,3.0,22,NULL,37,1947,{'Location': 'PELOPONNESUS;GREECE'}
NULL,1947,NULL,141,NULL,43.8,1947,{'Location': 'W. HOKKAIDO ISLAND'}
NULL,1948,76.0,122,3500000.0,10.5,1948,{'Location': 'SULU SEA'}
NULL,1948,NULL,27.2,NULL,35.5,1948,{'Location': 'DODECANESE;KARPATHOS IS.'}
NULL,1948,NULL,135.6,NULL,33.1,1948,{'Location': 'TOKAIDO'}
45.0,1948,2.0,20.427,NULL,38.532,1948,{'Location': 'IONIAN SEA'}
NULL,1948,NULL,95,NULL,6,1948,{'Location': 'OFF NORTHWEST COAST'}
NULL,1948,NULL,-174,NULL,-21,1948,{'Location': 'TONGA TRENCH'}
21.0,1948,4.0,-106,NULL,22,1948,{'Location': 'MEXICO'}
NULL,1948,NULL,-69,NULL,-22.5,1948,{'Location': 'NORTHERN CHILE'}
NULL,1949,NULL,163.5,NULL,54.6,1949,{'Location': 'KAMCHATKA'}
NULL,1949,NULL,20,NULL,38.2,1949,{'Location': 'WEST COAST OF GREECE'}
NULL,1949,8.0,-122.617,25000000.0,47.167,1949,{'Location': 'PUGET SOUND;WA'}
NULL,1949,NULL,-95.712891,NULL,37.09024,1949,{'Location': 'PUGET SOUND;WA'}
NULL,1949,NULL,-73.5,NULL,-38,1949,{'Location': 'CENTRAL CHILE'}
NULL,1949,NULL,95,NULL,5,1949,{'Location': 'BANDA ACEH'}
435.0,1949,7.0,26.23,NULL,38.58,1949,{'Location': 'CHIOS ISLAND;AEGEAN ISLANDS'}
NULL,1949,NULL,-95.712891,NULL,37.09024,1949,{'Location': 'COLUMBIA RIVER VALLEY;WA'}
NULL,1949,NULL,-133.3,NULL,53.6,1949,{'Location': 'BRITISH COLUMBIA'}
NULL,1949,NULL,121.5,NULL,17,1949,{'Location': 'NORTHERN LUZON ISLAND'}
NULL,1949,NULL,-149,NULL,59.75,1949,{'Location': 'GULF OF ALASKA;AK'}
NULL,1949,NULL,154,NULL,-5.5,1949,{'Location': 'SOLOMON SEA'}
NULL,1949,1.0,-71,NULL,-54,1949,{'Location': 'SOUTHERN CHILE'}
NULL,1949,3.0,-71,NULL,-54,1949,{'Location': 'SOUTHERN CHILE'}
NULL,1949,32.0,121.63,NULL,17,1949,{'Location': 'E. LUZON ISLAND'}
NULL,1950,NULL,-71.5,NULL,-53.5,1950,{'Location': 'SOUTHERN CHILE'}
NULL,1950,NULL,177.2,NULL,-37.8,1950,{'Location': 'N. NEW ZEALAND'}
NULL,1950,NULL,-83,NULL,6.5,1950,{'Location': 'OFF COAST'}
NULL,1950,NULL,-68,NULL,10.5,1950,{'Location': 'EL TOCUYO'}
NULL,1950,1530.0,96.5,20000000.0,28.5,1950,{'Location': 'INDIA-CHINA'}
NULL,1950,NULL,-85,NULL,11,1950,{'Location': 'COSTA RICA-NICARAGUA'}
NULL,1950,2.0,128.3,NULL,-3.8,1950,{'Location': 'JAVA TRENCH'}
NULL,1950,NULL,10.383,NULL,63.433,1950,{'Location': 'MID-NORWAY'}
NULL,1950,NULL,-91.917,NULL,14.31,1950,{'Location': 'GUATEMALA'}
NULL,1950,NULL,159.5,NULL,-10,1950,{'Location': 'SOLOMON SEA'}
12.0,1950,4.0,-77.75,NULL,-14.25,1950,{'Location': 'S. PERU'}
NULL,1950,NULL,-98.22,NULL,16.48,1950,{'Location': 'S. MEXICO'}
NULL,1951,NULL,142.2,NULL,-3.7,1951,{'Location': 'BISMARCK SEA'}
NULL,1951,NULL,-95.712891,3000.0,37.09024,1951,{'Location': 'COLUMBIA RIVER VALLEY;WA'}
NULL,1951,2000.0,-87.5,NULL,13,1951,{'Location': 'COSIGUINA VOLCANO'}
NULL,1951,NULL,-156,NULL,19.5,1951,{'Location': 'HAWAII'}
586.0,1951,68.0,121.7,NULL,23.8,1951,{'Location': 'TAIWAN'}
NULL,1951,NULL,100,NULL,26.7,1951,{'Location': 'CHINA: GANSU AND SHANXI PROVINCES'}
NULL,1951,NULL,157.95,NULL,-9.02,1951,{'Location': 'KAVACHI'}
NULL,1952,NULL,12.417,NULL,64.883,1952,{'Location': 'MID-NORWAY'}
572.0,1952,66.0,143.85,NULL,42.15,1952,{'Location': 'SE. HOKKAIDO ISLAND'}
17.0,1952,NULL,143.6,NULL,41.7,1952,{'Location': 'SE. HOKKAIDO ISLAND'}
NULL,1952,NULL,-155,NULL,19.1,1952,{'Location': 'HAWAII'}
NULL,1952,NULL,127.25,NULL,9.5,1952,{'Location': 'E. OF MINDANO;PHILIPPINES'}
NULL,1952,NULL,-95.712891,NULL,37.09024,1952,{'Location': 'COLUMBIA RIVER VALLEY;WA'}
NULL,1952,NULL,-82.4,NULL,43.1,1952,{'Location': 'LAKE HURON;MI'}
NULL,1952,NULL,-85.3,NULL,10.3,1952,{'Location': 'COSTA RICA-PANAMA'}
NULL,1952,NULL,169.25,NULL,-18.5,1952,{'Location': 'OFF EAST COAST OF VANUATU'}
NULL,1952,NULL,139.85,NULL,32.1,1952,{'Location': 'MYOJINSHO SUBMARINE VOLCANO'}
NULL,1952,NULL,139.85,NULL,32.1,1952,{'Location': 'MYOJINSHO SUBMARINE VOLCANO'}
NULL,1952,31.0,139.85,NULL,32.1,1952,{'Location': 'MYOJINSHO SUBMARINE VOLCANO'}
NULL,1952,NULL,139.85,NULL,32.1,1952,{'Location': 'MYOJINSHO SUBMARINE VOLCANO'}
NULL,1952,NULL,-95.712891,NULL,37.09024,1952,{'Location': 'COLUMBIA RIVER VALLEY;WA'}
NULL,1952,20000.0,160.057,2000000.0,52.755,1952,{'Location': 'KAMCHATKA'}
NULL,1953,NULL,-95.712891,NULL,37.09024,1953,{'Location': 'COLUMBIA RIVER VALLEY;WA'}
NULL,1953,NULL,-77.5,NULL,-12,1953,{'Location': 'CENTRAL PERU'}
NULL,1953,NULL,-95.712891,NULL,37.09024,1953,{'Location': 'COLUMBIA RIVER VALLEY;WA'}
NULL,1953,NULL,139.85,NULL,32.1,1953,{'Location': 'MYOJINSHO SUBMARINE VOLCANO'}
NULL,1953,NULL,156.5,NULL,50,1953,{'Location': 'N. KURIL ISLANDS'}
NULL,1953,NULL,139.85,NULL,32.1,1953,{'Location': 'MYOJINSHO SUBMARINE VOLCANO'}
NULL,1953,NULL,152.868,13000.0,-4.449,1953,{'Location': 'RABAUL;NEW BRITAIN'}
26.0,1953,9.0,-72.5,500000000.0,-36.5,1953,{'Location': 'CENTRAL CHILE'}
NULL,1953,NULL,-70.7,NULL,19.8,1953,{'Location': 'PUERTO PLATA'}
NULL,1953,NULL,147.4,NULL,-2.4,1953,{'Location': 'BISMARCK SEA'}
2412.0,1953,476.0,20.8,100000000.0,38.3,1953,{'Location': 'IONIAN SEA'}
NULL,1953,NULL,-95.712891,NULL,37.09024,1953,{'Location': 'COLUMBIA RIVER VALLEY;WA'}
100.0,1953,40.0,32.5,NULL,35,1953,{'Location': 'LEVANTIAN SEA'}
24.0,1953,12.0,178.2,NULL,-18.3,1953,{'Location': 'FIJI ISLANDS'}
NULL,1953,1.0,141.7,NULL,34,1953,{'Location': 'KASHIMA;JAPAN'}
20.0,1953,6.0,-80.6,NULL,-3.4,1953,{'Location': 'N. PERU'}
NULL,1954,NULL,104.195397,NULL,35.86166,1954,{'Location': 'CHINA: GANSU AND SHANXI PROVINCES'}
NULL,1954,NULL,15.213,NULL,38.789,1954,{'Location': 'STROMBOLI ISLAND'}
NULL,1954,15.0,-86.883,NULL,41.7,1954,{'Location': 'MICHIGAN CITY;IN (LAKE MICHIGAN)'}
5000.0,1954,1243.0,1.467,6000000.0,36.283,1954,{'Location': 'SEA OF ALBORAN'}
NULL,1954,NULL,-32.283,NULL,67.47,1954,{'Location': 'APUTITEQ POINT'}
NULL,1954,NULL,142.2,NULL,38.9,1954,{'Location': 'MIYAGI;JAPAN'}
NULL,1955,NULL,-69.57,NULL,11.46,1955,{'Location': 'OFF THE COAST NEAR LA VELA'}
149.0,1955,8.0,23.1,NULL,39.4,1955,{'Location': 'VOLOS GULF'}
NULL,1955,2.0,-72,NULL,-30,1955,{'Location': 'CENTRAL CHILE'}
NULL,1955,NULL,94,NULL,6.5,1955,{'Location': 'LITTLE NICOBAR ISLAND'}
NULL,1955,NULL,155.7,NULL,-6.9,1955,{'Location': 'SOLOMON SEA'}
NULL,1955,NULL,101.8,NULL,26.6,1955,{'Location': 'JINSHA RIVER;YUNNAN PROVINCE'}
NULL,1956,NULL,-70,NULL,-19,1956,{'Location': 'NORTHERN CHILE'}
NULL,1956,NULL,175.8,NULL,-38.9,1956,{'Location': 'LAKE TAUPO;NORTH ISLAND'}
NULL,1956,NULL,144.1,NULL,44.3,1956,{'Location': 'NE. HOKKAIDO ISLAND'}
NULL,1956,NULL,160.587,NULL,55.978,1956,{'Location': 'KAMCHATKA'}
NULL,1956,59.0,26,NULL,36.9,1956,{'Location': 'CYCLADES'}
NULL,1956,NULL,25.5,NULL,36.8,1956,{'Location': 'AMORGOS ISLAND;AEGEAN ISLANDS'}
NULL,1956,NULL,138.8,NULL,33.8,1956,{'Location': 'IZU PENINSULA'}
NULL,1956,NULL,23,NULL,39.5,1956,{'Location': 'NORTH AEGEAN'}
NULL,1956,NULL,-71,NULL,-25.5,1956,{'Location': 'NORTHERN CHILE'}
2.0,1957,4.0,-175.629,NULL,51.292,1957,{'Location': 'ANDREANOF ISLANDS;AK'}
NULL,1957,NULL,137,NULL,-1.5,1957,{'Location': 'NW. IRIAN JAYA'}
NULL,1957,65.0,-99.1,25000000.0,16.5,1957,{'Location': 'S. MEXICO'}
NULL,1957,NULL,-71.5,NULL,-23.5,1957,{'Location': 'NORTHERN CHILE'}
NULL,1957,NULL,107.3,NULL,-8.2,1957,{'Location': 'SOUTH OF JAVA'}
NULL,1957,NULL,116,NULL,-2,1957,{'Location': 'MAKASSAR STRAIT'}
NULL,1957,NULL,-155.5827818,NULL,19.8967662,1957,{'Location': 'HAWAII'}
NULL,1957,NULL,160.72,NULL,-8.57,1957,{'Location': 'MALAITA ISLAND;SOLOMON ISLANDS'}
46.0,1958,119.0,-79.5,NULL,1.5,1958,{'Location': 'COLOMBIA-ECUADOR'}
NULL,1958,NULL,105,NULL,31.5,1958,{'Location': 'SICHUAN PROVINCE'}
NULL,1958,NULL,-75.015152,NULL,-9.189967,1958,{'Location': 'PERU'}
NULL,1958,NULL,104,NULL,-4.5,1958,{'Location': 'BENGKULU;SUMATRA'}
NULL,1958,10.0,-136.665,200000.0,58.37,1958,{'Location': 'SE. ALASKA;AK'}
NULL,1958,NULL,156.1,NULL,48.6,1958,{'Location': 'N. KURIL ISLANDS'}
NULL,1958,NULL,168.536,NULL,-16.829,1958,{'Location': 'KUWAE VOLCANO'}
NULL,1958,NULL,-115,NULL,-50,1958,{'Location': 'EAST PACIFIC RISE'}
NULL,1958,NULL,148.54,NULL,44.53,1958,{'Location': 'S. KURIL ISLANDS'}
NULL,1958,NULL,148.8,NULL,44.2,1958,{'Location': 'S. KURIL ISLANDS'}
NULL,1959,NULL,142.2,NULL,37.5,1959,{'Location': 'SANRIKU'}
NULL,1959,NULL,-81.5,NULL,-4,1959,{'Location': 'N. PERU'}
NULL,1959,NULL,22.97,NULL,40.63,1959,{'Location': 'GRECIAN ARCHIPELAGO;CRETE'}
NULL,1959,NULL,149,NULL,44.3,1959,{'Location': 'S. KURIL ISLANDS'}
NULL,1959,NULL,159.5,NULL,52.5,1959,{'Location': 'KAMCHATKA'}
NULL,1959,NULL,20.917,NULL,69.817,1959,{'Location': 'NORTHERN NORWAY'}
NULL,1959,NULL,156,NULL,-7.5,1959,{'Location': 'SOLOMON ISLANDS'}
NULL,1959,28.0,-111.215,11000000.0,44.712,1959,{'Location': 'HEGBEN LAKE;MONTANA'}
NULL,1959,NULL,143.2,NULL,37.5,1959,{'Location': 'SANRIKU'}
NULL,1960,NULL,-72.75,NULL,-15.75,1960,{'Location': 'S. PERU'}
25000.0,1960,13100.0,-9.5,120000000.0,30.5,1960,{'Location': 'MOROCCO'}
NULL,1960,NULL,143.4,NULL,39.8,1960,{'Location': 'SANRIKU'}
NULL,1960,NULL,143.7,NULL,39.4,1960,{'Location': 'SANRIKU'}
NULL,1960,NULL,-73.243,NULL,-37.872,1960,{'Location': 'CENTRAL CHILE'}
6000.0,1960,4446.0,-73.407,2000000000.0,-38.143,1960,{'Location': 'SOUTHERN CHILE'}
NULL,1960,NULL,-71.6265038,NULL,-33.0403516,1960,{'Location': 'SOUTHERN CHILE'}
NULL,1960,NULL,152.3,NULL,-9.4,1960,{'Location': 'SOLOMON SEA'}
NULL,1960,NULL,142.5,NULL,40.3,1960,{'Location': 'SANRIKU'}
NULL,1960,NULL,-75.1,NULL,-38.5,1960,{'Location': 'SOUTHERN CHILE'}
4.0,1960,132.0,-80.7,1100000.0,-6.8,1960,{'Location': 'N. PERU'}
NULL,1961,NULL,142.3,NULL,36,1961,{'Location': 'KASHIMA;JAPAN'}
NULL,1961,NULL,141.9,NULL,36,1961,{'Location': 'KASHIMA;JAPAN'}
NULL,1961,NULL,141.9,NULL,36.2,1961,{'Location': 'KASHIMA;JAPAN'}
NULL,1961,NULL,147.9,NULL,43.2,1961,{'Location': 'S. KURIL ISLANDS'}
7.0,1961,2.0,131.8,NULL,31.6,1961,{'Location': 'SEIKAIDO'}
NULL,1961,NULL,159.95,NULL,-9.43,1961,{'Location': 'HONIARA;GUADALCANAL'}
NULL,1961,NULL,28.5,NULL,36.7,1961,{'Location': 'ASIA MINOR'}
NULL,1961,NULL,25.268555,NULL,39.019184,1961,{'Location': 'AEGEAN SEA'}
NULL,1961,NULL,-73.4,NULL,8.9,1961,{'Location': 'NORTHEASTERN'}
NULL,1961,NULL,131.8,NULL,29.6,1961,{'Location': 'RYUKYU ISLANDS'}
NULL,1961,NULL,168.411,NULL,-18.421,1961,{'Location': 'VANUATU ISLANDS'}
NULL,1961,NULL,160.614,NULL,-9.849,1961,{'Location': 'SOLOMON SEA'}
NULL,1961,NULL,145.6,NULL,42.9,1961,{'Location': 'SE. HOKKAIDO ISLAND'}
NULL,1961,NULL,-73,NULL,-36.7,1961,{'Location': 'CENTRAL CHILE'}
NULL,1961,NULL,145.7,NULL,42.7,1961,{'Location': 'SE. HOKKAIDO ISLAND'}
NULL,1962,NULL,17.1,NULL,43.3,1962,{'Location': 'DALMATIAN COASTS'}
NULL,1962,NULL,-82.757,NULL,8.008,1962,{'Location': 'COSTA RICA-PANAMA'}
NULL,1962,NULL,142.741,NULL,38.073,1962,{'Location': 'SANRIKU'}
NULL,1962,NULL,143.9,NULL,42.2,1962,{'Location': 'SE. HOKKAIDO ISLAND'}
NULL,1962,4.0,-99.6,NULL,17.2,1962,{'Location': 'S. MEXICO'}
16.0,1962,3.0,-99.5,NULL,17.2,1962,{'Location': 'S. MEXICO'}
NULL,1962,NULL,142.4,NULL,41.8,1962,{'Location': 'OFF COAST OF HONSHU ISLAND'}
NULL,1962,NULL,25,NULL,39.8,1962,{'Location': 'NORTH AEGEAN SEA'}
NULL,1962,NULL,-168.54,NULL,52.47,1962,{'Location': 'FOX ISLANDS;ALEUTIAN ISLANDS'}
24.0,1963,4.0,22.02,NULL,38.31,1963,{'Location': 'CORINTH GULF'}
18.0,1963,15.0,122.1,NULL,24.4,1963,{'Location': 'E. TAIWAN-RYUKYU ISLANDS'}
NULL,1963,2.0,-132.25,NULL,54,1963,{'Location': 'GRAHAM ISLAND;BRITISH COLUMBIA'}
624.0,1963,1028.0,115.508,NULL,8.342,1963,{'Location': 'LESSER SUNDA: BALI: AGUNG VOLCANO'}
NULL,1963,1.0,29,NULL,40.75,1963,{'Location': 'MARMARA SEA'}
NULL,1963,1.0,-78.022,NULL,-10.385,1963,{'Location': 'CENTRAL PERU'}
NULL,1963,4000.0,12.329,NULL,46.267,1963,{'Location': 'VAJONT DAM;VAJONT RIVER'}
NULL,1963,NULL,149.272,NULL,44.426,1963,{'Location': 'S. KURIL ISLANDS'}
NULL,1963,NULL,149.798,NULL,44.772,1963,{'Location': 'S. KURIL ISLANDS'}
NULL,1963,NULL,150.563,NULL,44.772,1963,{'Location': 'S. KURIL ISLANDS'}
NULL,1963,NULL,105.4,NULL,-6.4,1963,{'Location': 'JAVA'}
NULL,1963,NULL,-176.6,NULL,-24.8,1963,{'Location': 'TONGA TRENCH'}
NULL,1964,NULL,-95.712891,NULL,37.09024,1964,{'Location': 'GULF OF ALASKA;AK'}
NULL,1964,263.0,-147.648,516000000.0,61.017,1964,{'Location': 'PRINCE WILLIAM SOUND;AK'}
NULL,1964,NULL,95.4,NULL,5.8,1964,{'Location': 'OFF NORTHWEST COAST OF INDONESIA'}
NULL,1964,NULL,139,NULL,40.3,1964,{'Location': 'NW. HONSHU ISLAND'}
NULL,1964,NULL,139,NULL,40.4,1964,{'Location': 'NW. HONSHU ISLAND'}
NULL,1964,NULL,-73.1,NULL,40.8,1964,{'Location': 'LONG ISLAND;NY'}
900.0,1964,52.0,139.2,160000000.0,38.65,1964,{'Location': 'NW. HONSHU ISLAND'}
NULL,1964,NULL,153.876,NULL,47.159,1964,{'Location': 'S. KURIL ISLANDS'}
NULL,1964,NULL,150.7,NULL,-5.7,1964,{'Location': 'NEW BRITAIN'}
NULL,1964,NULL,138.9,NULL,40.4,1964,{'Location': 'NW. HONSHU ISLAND'}
NULL,1965,142.0,126.1,NULL,-2.4,1965,{'Location': 'SANANA ISLAND'}
NULL,1965,NULL,178.55,20000.0,51.29,1965,{'Location': 'RAT ISLANDS;ALEUTIAN ISLANDS'}
NULL,1965,54.0,-72.396,NULL,-41.755,1965,{'Location': 'SOUTHERN CHILE'}
NULL,1965,NULL,-70.63,NULL,-25.67,1965,{'Location': 'NORTHERN CHILE'}
253.0,1965,38.0,24,8000000.0,39.4,1965,{'Location': 'AEGEAN SEA'}
NULL,1965,NULL,-71.26,NULL,-31.81,1965,{'Location': 'CENTRAL CHILE'}
NULL,1965,NULL,177.93,NULL,50.32,1965,{'Location': 'RAT ISLANDS;ALEUTIAN ISLANDS'}
NULL,1965,NULL,139,NULL,34.9,1965,{'Location': 'AICHI PREFECTURE'}
NULL,1965,NULL,148.7,NULL,44.7,1965,{'Location': 'S. KURIL ISLANDS'}
NULL,1965,NULL,-167.55,NULL,53.03,1965,{'Location': 'FOX ISLANDS;ALEUTIAN ISLANDS'}
6.0,1965,3.0,22.3,NULL,38.267,1965,{'Location': 'NORTH CORINTH GULF'}
NULL,1965,NULL,167.2,NULL,-15.8,1965,{'Location': 'VANUATU ISLANDS'}
NULL,1965,NULL,166.8,NULL,-15.9,1965,{'Location': 'VANUATU ISLANDS'}
NULL,1965,6.0,-95.8,NULL,16.3,1965,{'Location': 'MEXICO'}
NULL,1965,710.0,120.993,NULL,14.002,1965,{'Location': 'TAAL;LUZON ISLAND'}
NULL,1965,NULL,-75.13,NULL,-42.9,1965,{'Location': 'SOUTHERN CHILE'}
11.0,1966,7.0,122.6,NULL,24.1,1966,{'Location': 'E. TAIWAN-RYUKYU ISLANDS'}
NULL,1966,NULL,10.633,NULL,59.6,1966,{'Location': 'EASTERN NORWAY'}
NULL,1966,NULL,160.883,NULL,-10.343,1966,{'Location': 'SOLOMON ISLANDS'}
NULL,1966,NULL,37,NULL,44.75,1966,{'Location': 'BLACK SEA'}
3000.0,1966,110.0,-78.638,37000000.0,-10.748,1966,{'Location': 'CENTRAL PERU'}
NULL,1966,NULL,166.23,NULL,-10.28,1966,{'Location': 'MOHAWK BAY;SANTA CRUZ ISLANDS'}
6.0,1966,3.0,-70.7,400000.0,-25.5,1966,{'Location': 'NORTHERN CHILE'}
NULL,1966,NULL,166.445,NULL,-11.893,1966,{'Location': 'SANTA CRUZ ISLANDS'}
NULL,1966,NULL,166.684,NULL,-12.334,1966,{'Location': 'SANTA CRUZ ISLANDS'}
NULL,1966,NULL,165.8,NULL,-10.38,1966,{'Location': 'TINAKULA;SANTA CRUZ ISLANDS'}
NULL,1967,NULL,151.11,NULL,45.53,1967,{'Location': 'S. KURIL ISLANDS'}
100.0,1967,84.0,119.3,NULL,-3.7,1967,{'Location': 'MAKASSAR STRAIT'}
NULL,1967,14.0,97.3,NULL,5.5,1967,{'Location': 'NORTHEAST SUMATRA'}
1536.0,1967,300.0,-67.3,140000000.0,10.6,1967,{'Location': 'CARACAS'}
NULL,1967,NULL,152.5,NULL,-4.4,1967,{'Location': 'BISMARCK SEA'}
NULL,1967,NULL,-79.8,NULL,-10.6,1967,{'Location': 'CENTRAL PERU'}
NULL,1967,NULL,-71.19,NULL,-28.78,1967,{'Location': 'NORTHERN CHILE'}
NULL,1967,NULL,-60.5,NULL,-63,1967,{'Location': 'TELEPHONE BAY;DECEPCION ISLAND'}
NULL,1967,NULL,151.272061,NULL,-33.766608,1967,{'Location': 'NORTHERN COAST OF PUERTO RICO'}
NULL,1967,1.0,-69.5,NULL,-21.7,1967,{'Location': 'NORTHERN CHILE'}
NULL,1968,NULL,146.701,NULL,43.586,1968,{'Location': 'S. KURIL ISLANDS'}
18.0,1968,20.0,24.957,600000.0,39.368,1968,{'Location': 'LEMNOS ISLAND;NORTH AEGEAN SEA'}
22.0,1968,1.0,132.5,NULL,32.3,1968,{'Location': 'SEIKAIDO'}
NULL,1968,NULL,8,NULL,44.08,1968,"{'Location': ""LIGURIA-COTE D'AZUR""}"
NULL,1968,NULL,-109.45,NULL,-27.15,1968,{'Location': 'EASTER ISLAND REGION'}
330.0,1968,104.0,143.2,131000000.0,40.8,1968,{'Location': 'OFF EAST COAST OF HONSHU ISLAND'}
NULL,1968,NULL,142.7,NULL,41.5,1968,{'Location': 'OFF COAST OF HONSHU ISLAND'}
NULL,1968,NULL,143.1,NULL,39.4,1968,{'Location': 'SANRIKU'}
NULL,1968,NULL,-178.4,NULL,-30.8,1968,{'Location': 'KERMADEC ISLANDS'}
261.0,1968,271.0,122.2,8000000.0,16.5,1968,{'Location': 'E. LUZON ISLAND'}
NULL,1968,NULL,132.2,NULL,33.3,1968,{'Location': 'SEIKAIDO-NANKAIDO'}
NULL,1968,NULL,126.2,NULL,1.4,1968,{'Location': 'N. MOLUCCAS ISLANDS'}
116.0,1968,400.0,119.8,NULL,0.2,1968,{'Location': 'BANDA SEA'}
200.0,1968,24.0,32.3,NULL,41.8,1968,{'Location': 'BLACK SEA'}
NULL,1968,NULL,-62.6,NULL,10.5,1968,{'Location': 'CARUPANO'}
500.0,1968,15.0,-92.6,NULL,15.6,1968,{'Location': 'S. MEXICO-GUATEMALA-NICARAGUA'}
97.0,1969,1264.0,118.9,NULL,-3.1,1969,{'Location': 'MAKASSAR STRAIT'}
80.0,1969,13.0,-10.95,NULL,36.017,1969,{'Location': 'PORTUGAL'}
NULL,1969,6.0,122.202,NULL,19.077,1969,{'Location': 'LUZON ISLAND'}
16.0,1969,2.0,34,NULL,27.7,1969,{'Location': 'GULF OF SUEZ'}
NULL,1969,NULL,13.5,NULL,59.4,1969,{'Location': 'NORSALV RIVER'}
NULL,1969,NULL,132.1,NULL,32.2,1969,{'Location': 'RYUKYU ISLANDS'}
NULL,1969,NULL,146.9,NULL,-6.6,1969,{'Location': 'BISMARCK SEA'}
NULL,1969,NULL,147.9,NULL,43.6,1969,{'Location': 'S. KURIL ISLANDS'}
NULL,1969,NULL,163.6,NULL,57.7,1969,{'Location': 'KAMCHATKA'}
NULL,1969,NULL,-59.7,NULL,15.8,1969,{'Location': 'GRAND BOURG'}
NULL,1970,NULL,126.7,NULL,6.8,1970,{'Location': 'PHILIPPINE TRENCH'}
NULL,1970,NULL,-153.9,NULL,57.5,1970,{'Location': 'ANDREANOF ISLANDS;AK'}
200.0,1970,15.0,121.71,NULL,15.78,1970,{'Location': 'PHILIPPINE SEA'}
NULL,1970,NULL,47.1,NULL,43,1970,{'Location': 'CASPIAN SEA'}
50000.0,1970,66794.0,-78.8,530000000.0,-9.2,1970,{'Location': 'N. PERU'}
NULL,1970,NULL,-73.8,NULL,-52,1970,{'Location': 'SOUTHERN CHILE'}
NULL,1970,NULL,-70.55,NULL,-22.28,1970,{'Location': 'NORTHERN CHILE'}
13.0,1970,NULL,131.7,NULL,32.2,1970,{'Location': 'SEIKAIDO'}
NULL,1970,NULL,173.62,NULL,-44.64,1970,{'Location': 'NEW ZEALAND'}
NULL,1970,NULL,122,NULL,20.6,1970,{'Location': 'PHILIPPINE TRENCH'}
20.0,1970,21.0,145.471,1750000.0,-4.907,1970,{'Location': 'PAPUA NEW GUINEA'}
NULL,1970,NULL,-69.81,NULL,-20.94,1970,{'Location': 'NORTHERN CHILE'}
NULL,1970,NULL,39.34,NULL,43.84,1970,{'Location': 'BLACK SEA'}
NULL,1971,1200.0,-76.5,NULL,-11.116,1971,{'Location': 'CHUNGAR'}
NULL,1971,NULL,-177.173,NULL,51.228,1971,{'Location': 'ANDREANOF ISLANDS;AK'}
447.0,1971,83.0,-71.2,236400000.0,-32.5,1971,{'Location': 'CENTRAL CHILE'}
5.0,1971,4.0,153.9,NULL,-5.5,1971,{'Location': 'SOLOMON SEA'}
NULL,1971,NULL,153.2,NULL,-4.9,1971,{'Location': 'SOLOMON SEA'}
NULL,1971,NULL,143.5,NULL,41.4,1971,{'Location': 'JAPAN TRENCH'}
NULL,1971,NULL,141.2,NULL,46.5,1971,{'Location': 'TATAR STRAIT'}
NULL,1971,NULL,141.4,NULL,46.7,1971,{'Location': 'TATAR STRAIT'}
NULL,1971,NULL,165.8,NULL,-10.38,1971,{'Location': 'TINAKULA;SANTA CRUZ ISLANDS'}
NULL,1971,NULL,141.1,NULL,46.4,1971,{'Location': 'TATAR STRAIT'}
NULL,1971,NULL,140.9,NULL,46.3,1971,{'Location': 'TATAR STRAIT'}
NULL,1971,NULL,146.6,NULL,-6.5,1971,{'Location': 'BISMARCK SEA'}
NULL,1971,NULL,141.1,NULL,46.4,1971,{'Location': 'TATAR STRAIT'}
NULL,1971,NULL,179.1,NULL,51.5,1971,{'Location': 'RAT ISLANDS;ALEUTIAN ISLANDS'}
NULL,1971,NULL,163.3,NULL,56,1971,{'Location': 'KAMCHATKA'}
NULL,1972,1.0,122.3,NULL,22.5,1972,{'Location': 'E. TAIWAN'}
NULL,1972,NULL,140.8,NULL,33.3,1972,{'Location': 'EAST OFF HACHIJO ISLAND'}
NULL,1972,NULL,-71.8,NULL,-30.5,1972,{'Location': 'CENTRAL CHILE'}
NULL,1972,NULL,-135.685,NULL,56.82,1972,{'Location': 'SE. ALASKA;AK'}
NULL,1972,NULL,152.9,NULL,-6,1972,{'Location': 'SOLOMON SEA'}
NULL,1972,NULL,147,NULL,-6.7,1972,{'Location': 'SOLOMON SEA'}
NULL,1972,NULL,130.3,NULL,32.9,1972,{'Location': 'JAPAN'}
NULL,1972,NULL,148.121,NULL,-5.52,1972,{'Location': 'RITTER ISLAND;PAPUA NEW GUINEA'}
NULL,1972,NULL,126.6,NULL,6.5,1972,{'Location': 'MINDANAO ISLAND;PHILIPPINES'}
NULL,1972,NULL,140.7,NULL,33.3,1972,{'Location': 'CHICHI JIMA'}
NULL,1972,NULL,-71,NULL,-30.6,1972,{'Location': 'CENTRAL CHILE'}
390.0,1973,56.0,-103,NULL,18.48,1973,{'Location': 'S. MEXICO'}
NULL,1973,NULL,156.6,NULL,50.5,1973,{'Location': 'N. KURIL ISLANDS'}
64.0,1973,15.0,122.8,450000.0,13.4,1973,{'Location': 'QUEZON'}
27.0,1973,NULL,145.8,10000000.0,43.2,1973,{'Location': 'HOKKAIDO ISLAND'}
1.0,1973,NULL,146.4,NULL,43.3,1973,{'Location': 'S. KURIL ISLANDS'}
NULL,1973,NULL,146.6,NULL,43.2,1973,{'Location': 'S. KURIL ISLANDS'}
NULL,1973,NULL,-71.5,NULL,-32.5,1973,{'Location': 'CENTRAL CHILE'}
NULL,1974,NULL,155.9,NULL,-7.5,1974,{'Location': 'SOLOMON ISLANDS'}
NULL,1974,NULL,155.6,NULL,-7.4,1974,{'Location': 'SOLOMON ISLANDS'}
137.0,1974,30.0,138.7,NULL,34.6,1974,{'Location': 'TOKAIDO'}
NULL,1974,NULL,-73.4,NULL,-38.5,1974,{'Location': 'SOUTHERN CHILE'}
NULL,1974,NULL,146.7,NULL,43.2,1974,{'Location': 'S. KURIL ISLANDS'}
2414.0,1974,78.0,-77.79,10000000.0,-12.27,1974,{'Location': 'CENTRAL PERU'}
NULL,1974,NULL,-128.7,NULL,54,1974,{'Location': 'KITIMAT INLET;BRITISH COLOMBIA'}
NULL,1974,NULL,148.121,NULL,-5.52,1974,{'Location': 'RITTER ISLAND;PAPUA NEW GUINEA'}
17000.0,1974,5300.0,72.9,3255000.0,35.1,1974,{'Location': 'PAKISTAN'}
NULL,1975,NULL,130,NULL,-5,1975,{'Location': 'BANDA SEA'}
25.0,1975,2.0,-71.3,NULL,-29.9,1975,{'Location': 'CENTRAL CHILE'}
NULL,1975,NULL,-128.68,NULL,53.98,1975,{'Location': 'KITIMAT INLET;BRITISH COLUMBIA'}
NULL,1975,NULL,-17.649,NULL,35.997,1975,{'Location': 'AZORES GIBRALTAR FRACTURE ZONE'}
NULL,1975,NULL,147.734,NULL,43.024,1975,{'Location': 'S. KURIL ISLANDS'}
NULL,1975,NULL,155.054,NULL,-6.59,1975,{'Location': 'SOLOMON SEA'}
NULL,1975,2.0,125.993,NULL,12.54,1975,{'Location': 'PHILIPPINE TRENCH'}
38.0,1975,4.0,-155.033,5500000.0,19.451,1975,{'Location': 'HAWAII'}
NULL,1975,NULL,-172.467,NULL,-16.265,1975,{'Location': 'SAMOA ISLANDS'}
NULL,1976,NULL,-177.657,NULL,-28.427,1976,{'Location': 'KERMADEC ISLANDS'}
NULL,1976,NULL,149.123,NULL,44.915,1976,{'Location': 'S. KURIL ISLANDS'}
76000.0,1976,23000.0,-89.101,2147000000.0,15.324,1976,{'Location': 'GUATEMALA'}
16500.0,1976,14800.0,124.09,268000000.0,6.292,1976,{'Location': 'MORO GULF'}
NULL,1977,NULL,-172.095,NULL,-16.696,1977,{'Location': 'SAMOA ISLANDS'}
NULL,1977,34.0,163.323,NULL,-9.828,1977,{'Location': 'SOLOMON ISLANDS'}
NULL,1977,NULL,160.348,NULL,-9.89,1977,{'Location': 'SOLOMON ISLANDS'}
1.0,1977,18.0,160.731,NULL,-9.965,1977,{'Location': 'SOLOMON ISLANDS'}
NULL,1977,NULL,-175.9,NULL,-22.878,1977,{'Location': 'TONGA TRENCH'}
150.0,1977,378.0,118.464,2400000.0,-11.085,1977,{'Location': 'SUNDA ISLANDS'}
NULL,1977,NULL,146.2,NULL,-1.1,1977,{'Location': 'ADMIRALTY ISLANDS'}
NULL,1977,NULL,146.23,NULL,-1.081,1977,{'Location': 'ADMIRALTY ISLANDS'}
NULL,1977,NULL,-175.406,NULL,-25.856,1977,{'Location': 'TONGA TRENCH'}
129.0,1978,25.0,139.259,NULL,34.809,1978,{'Location': 'TOKAIDO'}
NULL,1978,NULL,149.002,NULL,44.026,1978,{'Location': 'S. KURIL ISLANDS'}
NULL,1978,NULL,149.029,NULL,44.14,1978,{'Location': 'S. KURIL ISLANDS'}
NULL,1978,NULL,148.971,NULL,44.209,1978,{'Location': 'S. KURIL ISLANDS'}
NULL,1978,NULL,148.439,NULL,44.932,1978,{'Location': 'S. KURIL ISLANDS'}
NULL,1978,NULL,148.862,NULL,44.244,1978,{'Location': 'S. KURIL ISLANDS'}
1000.0,1978,28.0,142.03,865000000.0,38.19,1978,{'Location': 'SANRIKU'}
NULL,1978,NULL,78.96288,NULL,20.593684,1978,{'Location': 'INDIA'}
NULL,1978,NULL,122.403,NULL,8.249,1978,{'Location': 'MINDANAO ISLAND;PHILIPPINES'}
NULL,1978,50.0,23.229,250000000.0,40.739,1978,{'Location': 'THESSALONIKI (SALONICA);GREECE'}
NULL,1978,NULL,16,NULL,42,1978,{'Location': 'EASTERN ITALY;ADRIATIC SEA'}
NULL,1978,NULL,121.512,NULL,22.282,1978,{'Location': 'TAIWAN'}
NULL,1978,NULL,-6.98,NULL,36.37,1978,{'Location': 'CADIZ'}
NULL,1978,NULL,172.97,NULL,-43.08,1978,{'Location': 'OFF EAST COAST OF SOUTH ISLAND'}
NULL,1978,9.0,-96.591,NULL,16.01,1978,{'Location': 'MEXICO'}
NULL,1979,NULL,143.703,NULL,40.232,1979,{'Location': 'IWATE;JAPAN'}
NULL,1979,NULL,-141.671,NULL,60.691,1979,{'Location': 'SE. ALASKA;AK'}
35.0,1979,5.0,-101.276,30000000.0,17.813,1979,{'Location': 'S. MEXICO'}
NULL,1979,NULL,19.023,NULL,41.956,1979,{'Location': 'MONTENEGRO: BAR ULCINJ'}
1001.0,1979,131.0,19.209,2700000000.0,42.096,1979,{'Location': 'MONTENEGRO'}
NULL,1979,NULL,24.437,NULL,34.53,1979,{'Location': 'CRETE'}
64.0,1979,2478.0,123.5,NULL,-8.6,1979,{'Location': 'LOMBLEN ISLAND [LEMBATA]'}
NULL,1979,NULL,123.5,NULL,-8.5,1979,{'Location': 'LOMBLEN ISLAND [LEMBATA]'}
NULL,1979,NULL,-69.5,NULL,11.517,1979,{'Location': 'PUERTO CUMAREBO'}
NULL,1979,215.0,136.04,NULL,-1.679,1979,{'Location': 'IRIAN JAYA'}
NULL,1979,NULL,12.333,NULL,65.117,1979,{'Location': 'NORTHERN NORWAY'}
NULL,1979,18.0,7.25,NULL,43.7,1979,{'Location': 'FRENCH RIVIERA (LIGURIAN SEA)'}
NULL,1979,NULL,179.984,NULL,-16.76,1979,{'Location': 'FIJI ISLANDS'}
40000.0,1979,1200.0,-79.358,16000000.0,1.598,1979,{'Location': 'COLOMBIA: OFF SHORE;PACIFIC OCEAN'}
600.0,1980,69.0,-27.78,5000000.0,38.815,1980,{'Location': 'AZORES'}
NULL,1980,NULL,146.753,NULL,43.53,1980,{'Location': 'S. KURIL ISLANDS'}
NULL,1980,57.0,-122.18,NULL,46.2,1980,{'Location': 'WASHINGTON'}
7.0,1980,NULL,139.181,NULL,34.808,1980,{'Location': 'HONSHU ISLAND'}
NULL,1980,NULL,165.916,NULL,-12.525,1980,{'Location': 'SOLOMON ISLANDS'}
9000.0,1980,5000.0,1.354,5200000000.0,36.195,1980,{'Location': 'EL ASNAM'}
NULL,1981,NULL,142.75,NULL,38.64,1981,{'Location': 'E. HONSHU ISLAND'}
400.0,1981,22.0,22.934,812000000.0,38.222,1981,{'Location': 'ATHENS-EASTERN GULF OF CORINTH'}
NULL,1981,NULL,23.288,NULL,38.209,1981,{'Location': 'GULF OF CORINTH'}
NULL,1981,NULL,20.267,NULL,-35.616,1981,{'Location': 'AGULHAS BANK'}
NULL,1981,NULL,164.357,NULL,-48.786,1981,{'Location': 'NEW ZEALAND'}
NULL,1981,NULL,-173.085,NULL,-14.96,1981,{'Location': 'SAMOA ISLANDS'}
NULL,1981,9.0,-102.084,NULL,18.084,1981,{'Location': 'MEXICO'}
NULL,1982,NULL,124.358,NULL,13.752,1982,{'Location': 'PHILIPPINES'}
NULL,1982,NULL,97.755,NULL,4.374,1982,{'Location': 'JAVA TRENCH'}
NULL,1982,NULL,118.479,NULL,-9.265,1982,{'Location': 'SUMBAWA ISLAND'}
NULL,1982,NULL,142.361,NULL,42.158,1982,{'Location': 'HOKKAIDO ISLAND'}
NULL,1982,NULL,141.702,NULL,36.194,1982,{'Location': 'IBARAKI;JAPAN'}
NULL,1982,NULL,-175.864,NULL,-24.133,1982,{'Location': 'KERMADEC ISLANDS'}
390.0,1982,13.0,123.08,1450000.0,-8.405,1982,{'Location': 'FLORES SEA'}
NULL,1982,NULL,139.434,NULL,33.826,1982,{'Location': 'S. OF HONSHU ISLAND'}
NULL,1983,NULL,20.228,NULL,38.026,1983,{'Location': 'IONIAN SEA'}
NULL,1983,NULL,127.924,NULL,-4.056,1983,{'Location': 'BANDA SEA'}
NULL,1983,NULL,153.581,NULL,-4.883,1983,{'Location': 'NEW BRITAIN'}
648.0,1983,204.0,139.102,1600000000.0,40.462,1983,{'Location': 'NOSHIRO;JAPAN'}
NULL,1983,NULL,138.948,NULL,40.249,1983,{'Location': 'NOSHIRO;JAPAN'}
NULL,1983,NULL,139.099,NULL,41.346,1983,{'Location': 'N. HONSHU ISLAND'}
NULL,1983,NULL,24.766,NULL,40.142,1983,{'Location': 'NORTH AEGEAN SEA'}
NULL,1983,NULL,161.287,NULL,55.867,1983,{'Location': 'KAMCHATKA BAY;RUSSIA'}
47.0,1983,16.0,120.86,NULL,18.231,1983,{'Location': 'LUZON ISLAND'}
NULL,1983,NULL,123.59,NULL,-8.54,1983,{'Location': 'LESSER SUNDA ISLANDS'}
NULL,1983,NULL,7.717,NULL,61.233,1983,{'Location': 'WESTERN NORWAY'}
12.0,1983,5.0,-70.563,1000000.0,-26.535,1983,{'Location': 'NORTHERN CHILE'}
NULL,1983,NULL,72.11,NULL,-6.852,1983,{'Location': 'CHAGOS ARCHIPELAGO REGION'}
23.0,1984,2.0,118.806,NULL,-2.823,1984,{'Location': 'SULAWESI'}
NULL,1984,NULL,22.094,NULL,38.396,1984,{'Location': 'CORINTHOS GULF;GREECE'}
NULL,1984,NULL,148.192,NULL,44.117,1984,{'Location': 'S. KURIL ISLANDS'}
NULL,1984,NULL,140.036,NULL,31.448,1984,{'Location': 'TORI SHIMA;OKINAWA'}
9.0,1984,NULL,131.945,NULL,32.386,1984,{'Location': 'KYUSHU;JAPAN'}
NULL,1984,NULL,141.5,NULL,34.006,1984,{'Location': 'HONSHU ISLAND'}
NULL,1984,NULL,163.46,NULL,56.194,1984,{'Location': 'KAMCHATKA'}
2575.0,1985,180.0,-71.708,1500000000.0,-33.132,1985,{'Location': 'CENTRAL CHILE'}
6.0,1985,NULL,-62.448,NULL,17.013,1985,{'Location': 'GUADELOUPE'}
NULL,1985,NULL,114.185,NULL,-9.245,1985,{'Location': 'BALI ISLAND'}
NULL,1985,NULL,152.828,1000000.0,-4.439,1985,{'Location': 'NEW IRELAND'}
30000.0,1985,9500.0,-102.533,4000000000.0,18.19,1985,{'Location': 'MEXICO'}
NULL,1985,NULL,-101.647,NULL,17.802,1985,{'Location': 'MEXICO'}
NULL,1986,NULL,-174.776,NULL,51.52,1986,{'Location': 'ANDREANOF ISLANDS;AK'}
NULL,1986,NULL,-174.504,NULL,52.327,1986,{'Location': 'ANDREANOF ISLANDS;AK'}
NULL,1986,NULL,-176.367,NULL,-28.117,1986,{'Location': 'KERMADEC ISLANDS'}
44.0,1986,15.0,121.574,NULL,23.901,1986,{'Location': 'TAIWAN'}
NULL,1987,NULL,141.689,NULL,36.988,1987,{'Location': 'E. HONSHU ISLAND'}
NULL,1987,3.0,147.689,2625000.0,-6.088,1987,{'Location': 'SOLOMON SEA'}
NULL,1987,NULL,6.65,NULL,62.2,1987,{'Location': 'WESTERN NORWAY'}
NULL,1987,1.0,-70.161,NULL,-24.388,1987,{'Location': 'NORTHERN CHILE'}
5.0,1987,2.0,131.837,NULL,32.034,1987,{'Location': 'KYUSHU ISLAND'}
NULL,1987,NULL,137.865,NULL,37.447,1987,{'Location': 'HONSHU ISLAND'}
NULL,1987,NULL,167.15,NULL,-45.46,1987,{'Location': 'DEEP COVE'}
NULL,1987,NULL,162.33,NULL,-10.717,1987,{'Location': 'SOLOMON ISLANDS'}
NULL,1987,NULL,167.828,NULL,-14.074,1987,{'Location': 'VANUATU ISLANDS'}
NULL,1987,NULL,-172.225,NULL,-17.94,1987,{'Location': 'TONGA ISLANDS'}
NULL,1987,NULL,154.371,NULL,-7.288,1987,{'Location': 'SOLOMON SEA'}
NULL,1987,NULL,149.06,NULL,-6.266,1987,{'Location': 'SOLOMON SEA'}
NULL,1987,NULL,-143.27,NULL,58.586,1987,{'Location': 'GULF OF ALASKA;AK'}
NULL,1987,NULL,124.155,NULL,-8.247,1987,{'Location': 'TIMOR SEA'}
NULL,1987,NULL,-142.786,NULL,58.679,1987,{'Location': 'GULF OF ALASKA;AK'}
NULL,1988,NULL,-70.433,NULL,-24.753,1988,{'Location': 'NORTHERN CHILE'}
NULL,1988,NULL,-142.747,5000.0,57.262,1988,{'Location': 'GULF OF ALASKA;AK'}
NULL,1988,NULL,14.967,NULL,38.4,1988,{'Location': 'LA FOSSA VOLCANO;VULCANO IS.'}
NULL,1988,NULL,-116.419389,NULL,34.9592083,1988,{'Location': 'S. CALIFORNIA'}
NULL,1988,NULL,121.013,NULL,18.606,1988,{'Location': 'NORTH OF LUZON ISLAND'}
NULL,1988,NULL,148.78,NULL,-5.964,1988,{'Location': 'PAPUA NEW GUINEA'}
60.0,1988,5.0,95.127,NULL,25.149,1988,{'Location': 'JAMUNA RIVER;ARICHA; BANGLADESH'}
NULL,1988,2.0,160.896,NULL,-10.258,1988,{'Location': 'SOLOMON ISLANDS'}
NULL,1989,NULL,160.568,NULL,-52.341,1989,{'Location': 'MACQUARIE ISLAND'}
NULL,1989,NULL,-155.083,NULL,19.362,1989,{'Location': 'HAWAII'}
NULL,1989,NULL,-156.835,NULL,55.543,1989,{'Location': 'SEMIDI ISLANDS;AK'}
3757.0,1989,62.0,-121.883,5600000000.0,37.036,1989,{'Location': 'N. CALIFORNIA'}
NULL,1989,NULL,143.333,NULL,39.571,1989,{'Location': 'N. HONSHU ISLAND'}
NULL,1989,NULL,2.448,NULL,36.788,1989,{'Location': 'ALGIERS;CHERCHELL;TIPAZA'}
NULL,1989,NULL,-68.833,NULL,18.986,1989,{'Location': 'PUERTO RICO'}
NULL,1989,NULL,142.76,NULL,39.837,1989,{'Location': 'JAPAN'}
300.0,1990,NULL,124.694,900000.0,9.755,1990,{'Location': 'PHILIPPINES'}
NULL,1990,NULL,139.252,NULL,34.706,1990,{'Location': 'JAPAN'}
10.0,1990,NULL,-84.808,NULL,9.919,1990,{'Location': 'COSTA RICA'}
NULL,1990,NULL,147.596,NULL,15.125,1990,{'Location': 'MARIANA TRENCH;N. MARIANA ISLANDS'}
NULL,1990,NULL,126,NULL,7,1990,{'Location': 'CANIGUIN IS.;PHILIPPINES'}
NULL,1990,NULL,138.643,NULL,33.267,1990,{'Location': 'W. OF BONIN ISLANDS;IZU IS.;JAPAN'}
200.0,1990,19.0,15.438,500000000.0,37.3,1990,{'Location': 'EASTERN SICILY'}
NULL,1990,NULL,121.627,NULL,23.722,1990,{'Location': 'TAIWAN'}
NULL,1991,NULL,26.3,NULL,37.7,1991,{'Location': 'EAST AEGEAN SEA'}
NULL,1991,NULL,159.139,NULL,-9.929,1991,{'Location': 'SOLOMON ISLANDS'}
NULL,1991,NULL,154.328,NULL,48.268,1991,{'Location': 'N. KURIL ISLANDS'}
NULL,1991,NULL,-175.45,NULL,58.427,1991,{'Location': 'BERING SEA;AK'}
NULL,1991,91.0,-83.073,510000000.0,9.685,1991,{'Location': 'LIMON;PANDORA'}
NULL,1991,NULL,26.833,NULL,37.133,1991,{'Location': 'EAST AEGEAN SEA'}
NULL,1991,NULL,158.442,NULL,-9.094,1991,{'Location': 'SOLOMON ISLANDS'}
NULL,1991,NULL,151.021,NULL,45.533,1991,{'Location': 'S. KURIL ISLANDS'}
NULL,1992,NULL,108,NULL,18,1992,{'Location': 'SOUTH CHINA SEA'}
98.0,1992,NULL,-124.316,66000000.0,40.368,1992,{'Location': 'CAPE MENDOCINO;N. CALIFORNIA'}
NULL,1992,NULL,126.762,NULL,7.191,1992,{'Location': 'PHILIPPINES'}
NULL,1992,NULL,165.239,NULL,-11.122,1992,{'Location': 'SANTA CRUZ ISLANDS'}
20.0,1992,NULL,-95.712891,NULL,37.09024,1992,{'Location': 'DAYTONA BEACH;FL'}
NULL,1992,NULL,143.33,NULL,39.419,1992,{'Location': 'HONSHU ISLAND'}
NULL,1992,NULL,141.641,NULL,32.536,1992,{'Location': ''}
978.0,1992,340.0,-87.386,60000000.0,11.727,1992,{'Location': 'NICARAGUA'}
2603.0,1992,3669.0,121.896,200000000.0,-8.48,1992,{'Location': 'FLORES SEA'}
NULL,1993,NULL,137.245,NULL,37.634,1993,{'Location': 'HONSHU ISLAND'}
NULL,1993,NULL,-178.252,NULL,-14.385,1993,{'Location': 'FUTUNA'}
NULL,1993,NULL,157.829,NULL,51.218,1993,{'Location': 'KAMCHATKA'}
NULL,1993,NULL,-176.819,NULL,-28.886,1993,{'Location': 'KERMADEC ISLANDS'}
466.0,1993,439.0,139.197,2414000000.0,42.851,1993,{'Location': 'SEA OF JAPAN'}
NULL,1993,NULL,139.839,NULL,41.985,1993,{'Location': 'JAPAN'}
48.0,1993,NULL,144.801,250000000.0,12.982,1993,{'Location': 'GUAM;MARIANA ISLANDS'}
NULL,1993,NULL,158.647,NULL,51.934,1993,{'Location': 'KAMCHATKA'}
NULL,1994,NULL,-67.97,NULL,44.4,1994,{'Location': 'COREA HARBOR;MAINE'}
7000.0,1994,60.0,-118.537,40000000000.0,34.213,1994,{'Location': 'WEST COAST;USA'}
300.0,1994,9.0,127.733,NULL,1.015,1994,{'Location': 'HALMAHERA'}
NULL,1994,NULL,104.302,NULL,-4.967,1994,{'Location': 'SOUTHERN SUMATRA'}
NULL,1994,NULL,143.683,NULL,40.608,1994,{'Location': 'HOKKAIDO ISLAND'}
NULL,1994,NULL,6.583,NULL,61.267,1994,{'Location': 'WESTERN NORWAY'}
NULL,1994,NULL,122.448,NULL,23.959,1994,{'Location': 'TAIWAN'}
846.0,1994,476.0,112.835,4400000.0,-10.477,1994,{'Location': 'SOUTH OF JAVA'}
NULL,1994,NULL,112.892,NULL,-10.362,1994,{'Location': 'SOUTH OF JAVA'}
NULL,1994,NULL,113.366,NULL,-10.777,1994,{'Location': 'SOUTH OF JAVA'}
NULL,1994,NULL,113.369,NULL,-10.341,1994,{'Location': 'SOUTH OF JAVA'}
NULL,1994,NULL,-125.68,NULL,40.402,1994,{'Location': 'N. CALIFORNIA'}
NULL,1994,NULL,152.214,280000000.0,-4.238,1994,{'Location': 'PAPUA NEW GUINEA'}
382.0,1994,11.0,147.321,NULL,43.773,1994,{'Location': 'S. KURIL ISLANDS'}
104.0,1994,2.0,127.98,NULL,-1.258,1994,{'Location': 'HALMAHERA'}
NULL,1994,NULL,147.916,NULL,43.905,1994,{'Location': 'S. KURIL ISLANDS'}
NULL,1994,2.0,-135.3,25000000.0,59.5,1994,{'Location': 'SKAGWAY;AK'}
450.0,1994,162.0,121.067,7400000.0,13.525,1994,{'Location': 'PHILIPPINE ISLANDS'}
200.0,1994,3.0,143.419,170400000.0,40.525,1994,{'Location': 'TOHUKU;JAPAN'}
36896.0,1995,5502.0,135.018,100000000000.0,34.583,1995,{'Location': 'KOBE;JAPAN'}
NULL,1995,NULL,-173.529,NULL,-15.199,1995,{'Location': 'SAMOA ISLANDS'}
NULL,1995,NULL,125.58,NULL,12.059,1995,{'Location': 'SAMAR ISLAND'}
NULL,1995,NULL,125.92,NULL,12.047,1995,{'Location': 'SAMAR ISLAND'}
NULL,1995,NULL,21.695,NULL,40.149,1995,{'Location': 'GREECE'}
38.0,1995,22.0,125.049,NULL,-8.452,1995,{'Location': 'TIMOR SEA'}
NULL,1995,NULL,169.9,NULL,-23.008,1995,{'Location': 'LOYALTY ISLANDS'}
750.0,1995,1989.0,142.827,300000000.0,52.629,1995,{'Location': 'SAKHALIN ISLAND'}
60.0,1995,26.0,22.283,660000000.0,38.401,1995,{'Location': 'GULF OF CORINTH: AIYION'}
58.0,1995,3.0,-70.294,1922000.0,-23.34,1995,{'Location': 'NORTHERN CHILE'}
NULL,1995,NULL,154.178,NULL,-5.799,1995,{'Location': 'SOLOMON SEA'}
100.0,1995,3.0,-98.597,NULL,16.779,1995,{'Location': 'S. MEXICO'}
200.0,1995,51.0,-104.205,NULL,19.055,1995,{'Location': 'S. MEXICO'}
1.0,1995,NULL,130.175,NULL,27.929,1995,{'Location': 'RYUKYU ISLANDS'}
NULL,1995,NULL,130.148,NULL,28.094,1995,{'Location': 'RYUKYU ISLANDS'}
NULL,1995,NULL,-71.417,NULL,-28.906,1995,{'Location': 'NORTHERN CHILE'}
NULL,1995,12.0,34.799,NULL,28.826,1995,{'Location': 'EGYPT'}
NULL,1995,NULL,149.3,NULL,44.663,1995,{'Location': 'S. KURIL ISLANDS'}
126.0,1996,18.0,119.931,2400000.0,0.729,1996,{'Location': 'SULAWESI'}
NULL,1996,NULL,22.083,NULL,38.367,1996,{'Location': 'W. CORINTH GULF'}
NULL,1996,NULL,159.43,NULL,54.05,1996,{'Location': 'KARYMSKOYE;KAMCHATKA;RUSSIA'}
532.0,1996,274.0,136.952,8400000.0,-0.891,1996,{'Location': 'IRIAN JAYA'}
114.0,1996,24.0,-79.587,NULL,-9.593,1996,{'Location': 'N. PERU'}
NULL,1996,NULL,-98.07,NULL,15.978,1996,{'Location': 'MEXICO'}
NULL,1996,NULL,7.97,NULL,46.73,1996,{'Location': 'LAKE BRIENZ'}
NULL,1996,NULL,-177.632,NULL,51.564,1996,{'Location': 'ANDREANOF ISLANDS;AK'}
NULL,1996,NULL,-176.847,NULL,51.478,1996,{'Location': 'ANDREANOF ISLANDS;AK'}
NULL,1996,NULL,139.931,NULL,31.555,1996,{'Location': 'HONSHU ISLAND'}
NULL,1996,NULL,-113.436,NULL,-22.118,1996,{'Location': 'EASTER ISLAND REGION'}
NULL,1996,NULL,121.498,NULL,21.898,1996,{'Location': 'TAIWAN REGION'}
NULL,1996,NULL,131.093,NULL,30.568,1996,{'Location': 'KYUSHU ISLAND'}
NULL,1996,NULL,131.468,NULL,31.885,1996,{'Location': 'KYUSHU ISLAND'}
560.0,1996,14.0,-75.675,NULL,-14.993,1996,{'Location': 'S. PERU'}
NULL,1996,NULL,131.314,NULL,31.789,1996,{'Location': 'SEA OF JAPAN'}
NULL,1997,NULL,-87.6,600000.0,13.1,1997,{'Location': 'GULF OF FONSECA'}
NULL,1997,NULL,167.954712,NULL,-29.040835,1997,{'Location': 'NORFOLK ISLAND'}
NULL,1997,NULL,166.676,NULL,-12.584,1997,{'Location': 'SANTA CRUZ IS. VANUATU'}
522.0,1997,81.0,-63.486,81000000.0,10.598,1997,{'Location': 'CARIACO-CUMANA'}
NULL,1997,NULL,141.878,NULL,31.959,1997,{'Location': 'S. OF HONSHU ISLAND'}
NULL,1997,NULL,-176.77,NULL,-22.1,1997,{'Location': 'TONGA ISLANDS'}
NULL,1997,NULL,162.035,NULL,54.841,1997,{'Location': 'KAMCHATKA'}
NULL,1997,NULL,162.035,NULL,54.841,1997,{'Location': 'KAMCHATKA'}
NULL,1997,NULL,-62.18,NULL,16.72,1997,{'Location': 'WHITE RIVER VALLEY'}
NULL,1998,NULL,5.267,NULL,61.183,1998,{'Location': 'WESTERN NORWAY'}
NULL,1998,NULL,149.527,NULL,-62.877,1998,{'Location': 'BALLENY ISLANDS'}
NULL,1998,NULL,125.308,NULL,22.306,1998,{'Location': 'TAIWAN:  SOUTHEAST OF'}
2056.0,1998,4410.0,142.582,NULL,-2.943,1998,{'Location': 'PAPUA NEW GUINEA'}
1.0,1998,NULL,124.7740793,3000000.0,-1.8268344,1998,{'Location': 'TALIABU ISLAND'}
NULL,1999,NULL,-62.18,NULL,16.722,1999,{'Location': 'SOUFRIERE HILLS VOLCANO'}
50000.0,1999,17273.0,29.97,20000000000.0,40.76,1999,{'Location': 'KOCAELI;TURKEY'}
NULL,1999,NULL,-138.67,NULL,-10.52,1999,{'Location': 'FATU HIVA'}
100.0,1999,15.0,168.214,NULL,-16.423,1999,{'Location': 'VANUATU ISLANDS'}
NULL,2000,NULL,120.15,NULL,5.1,2000,{'Location': 'TAWI-TAWI;PHILIPPINES'}
NULL,2000,NULL,25.69,NULL,34.22,2000,{'Location': 'CRETE'}
264.0,2000,46.0,123.573,30000000.0,-1.105,2000,{'Location': 'SULAWESI'}
NULL,2000,NULL,97.453,NULL,-13.802,2000,{'Location': 'SOUTH INDIAN OCEAN'}
NULL,2000,1.0,139.131,NULL,34.221,2000,{'Location': 'KOZU-SHIMA ISLAND;HONSHU'}
10.0,2000,NULL,139.26,NULL,34.319,2000,{'Location': 'HONSHU: S COAST'}
1.0,2000,NULL,139.376,NULL,33.901,2000,{'Location': 'HONSHU: S COAST'}
NULL,2000,NULL,-120.65,NULL,34.5,2000,{'Location': 'POINT ARGUELLO;S. CALIFORNIA'}
NULL,2000,2.0,152.169,NULL,-3.98,2000,{'Location': 'BISMARCK SEA'}
NULL,2000,NULL,-52.75,NULL,70.25,2000,{'Location': 'PAATUUT (WEST GREENLAND)'}
4723.0,2001,844.0,-88.66,753000000.0,13.049,2001,{'Location': 'EL SALVADOR'}
2921.0,2001,129.0,-73.641,200000000.0,-16.265,2001,{'Location': 'S. PERU'}
NULL,2001,NULL,-132.2,NULL,52.63,2001,{'Location': 'QUEEN CHARLOTTE ISLANDS'}
NULL,2001,NULL,122.734,NULL,23.954,2001,{'Location': 'TAIWAN'}
NULL,2002,NULL,167.856,NULL,-17.6,2002,{'Location': 'VANUATU ISLANDS'}
100.0,2002,15.0,124.249,1714000.0,6.033,2002,{'Location': 'MINDANAO ISLAND;PHILIPPINES'}
NULL,2002,NULL,124.09,NULL,23.346,2002,{'Location': 'JAPAN'}
200.0,2002,5.0,122.179,NULL,24.279,2002,{'Location': 'TAIWAN'}
70.0,2002,4.0,142.945,NULL,-3.302,2002,{'Location': 'BISMARCK SEA'}
NULL,2002,2.0,93.068,NULL,13.036,2002,{'Location': 'ANDAMAN ISLANDS;INDIA'}
632.0,2002,8.0,134.297,NULL,-1.757,2002,{'Location': 'IRIAN JAYA'}
NULL,2002,NULL,15.213,NULL,38.789,2002,{'Location': 'STROMBOLI ISLAND'}
NULL,2003,NULL,160.77,NULL,-10.491,2003,{'Location': 'SOLOMON ISLANDS'}
300.0,2003,29.0,-104.104,NULL,18.77,2003,{'Location': 'S. MEXICO'}
10261.0,2003,2266.0,3.634,5000000000.0,36.964,2003,{'Location': 'N. ALGERIA'}
200.0,2003,9.0,3.578,NULL,36.939,2003,{'Location': 'ALGIERS'}
NULL,2003,NULL,-62.18,NULL,16.722,2003,{'Location': 'SOUFRIERE HILLS VOLCANO'}
NULL,2003,NULL,167.144,NULL,-45.104,2003,{'Location': 'SOUTH ISLAND'}
755.0,2003,NULL,143.91,90000000.0,41.815,2003,{'Location': 'HOKKAIDO ISLAND'}
NULL,2003,NULL,142.619,NULL,37.812,2003,{'Location': 'E. HONSHU ISLAND'}
NULL,2003,NULL,178.65,NULL,51.146,2003,{'Location': 'RAT ISLANDS;ALEUTIAN ISLANDS'}
NULL,2003,NULL,169.35,NULL,-22.107,2003,{'Location': 'LOYALTY ISLANDS'}
NULL,2004,NULL,127.4,NULL,-3.12,2004,{'Location': 'SERAM ISLAND'}
4.0,2004,NULL,35.551,NULL,31.675,2004,{'Location': 'DEAD SEA'}
4.0,2004,NULL,136.618,NULL,33.07,2004,{'Location': 'SOUTH COAST HONSHU ISLAND'}
40.0,2004,NULL,137.071,NULL,33.184,2004,{'Location': 'SOUTH COAST HONSHU ISLAND'}
NULL,2004,NULL,-128.772,NULL,49.277,2004,{'Location': 'VANCOUVER ISLAND'}
400.0,2004,34.0,124.868,NULL,-8.152,2004,{'Location': 'KEPULAUAN ALOR'}
NULL,2004,NULL,-61.706,NULL,15.679,2004,{'Location': 'BASSE-TERRE;LES SAINTES'}
NULL,2004,NULL,164.721,NULL,-46.676,2004,{'Location': 'PUYSEGUR TRENCH'}
24.0,2004,NULL,145.119,NULL,43.006,2004,{'Location': 'HOKKAIDO ISLAND'}
NULL,2004,NULL,161.345,NULL,-49.312,2004,{'Location': 'MACQUARIE ISLAND'}
NULL,2004,455798.0,95.854,20000000000.0,3.316,2004,{'Location': 'OFF W. COAST OF SUMATRA'}
NULL,2005,NULL,141.491,NULL,34.064,2005,{'Location': 'E. HONSHU ISLAND'}
NULL,2005,NULL,-61.744,NULL,15.775,2005,{'Location': 'DOMINICA PASSAGE'}
340.0,2005,1323.0,97.108,NULL,2.085,2005,{'Location': 'INDONESIA'}
NULL,2005,NULL,99.607,NULL,-1.644,2005,{'Location': 'KEPULAUAN MENTAWAI'}
NULL,2005,NULL,-125.97,NULL,41.301,2005,{'Location': 'N. CALIFORNIA'}
56.0,2005,NULL,142.039,NULL,38.276,2005,{'Location': 'E. COAST HONSHU ISLAND'}
NULL,2005,NULL,144.896,NULL,38.107,2005,{'Location': 'E. COAST HONSHU ISLAND'}
NULL,2005,NULL,-127.6476206,NULL,53.7266683,2005,{'Location': 'BRITISH COLUMBIA'}
NULL,2006,NULL,-95.712891,NULL,37.09024,2006,{'Location': 'COLUMBIA RIVER VALLEY;WA'}
NULL,2006,8.0,127.214,1000000.0,-3.595,2006,{'Location': 'SERAM ISLAND'}
1.0,2006,NULL,-174.123,NULL,-20.187,2006,{'Location': 'TONGA'}
NULL,2006,NULL,-62.18,NULL,16.722,2006,{'Location': 'SOUFRIERE HILLS VOLCANO'}
996.0,2006,1604.0,107.411,110000000.0,-9.254,2006,{'Location': 'SOUTH OF JAVA'}
NULL,2006,NULL,-172.033,NULL,-16.592,2006,{'Location': 'SAMOA ISLANDS'}
NULL,2006,NULL,-155.935,NULL,19.878,2006,{'Location': 'HAWAII'}
2.0,2006,NULL,153.266,NULL,46.592,2006,{'Location': 'S. KURIL ISLANDS'}
40.0,2006,2.0,120.547,NULL,21.799,2006,{'Location': 'TAIWAN'}
NULL,2007,NULL,154.524,NULL,46.243,2007,{'Location': 'S. KURIL ISLANDS'}
NULL,2007,NULL,169.357,NULL,-20.617,2007,{'Location': 'VANUATU ISLANDS'}
150.0,2007,1.0,136.588,NULL,37.336,2007,{'Location': 'HONSHU: W COAST'}
NULL,2007,106.0,157.044,NULL,-8.46,2007,{'Location': 'SOLOMON ISLANDS'}
NULL,2007,20.0,-72.606,NULL,-45.285,2007,{'Location': 'SOUTHERN CHILE'}
NULL,2007,NULL,29,NULL,43,2007,{'Location': 'BLACK SEA'}
1088.0,2007,9.0,138.478,NULL,37.57,2007,{'Location': 'HONSHU: W COAST'}
12.0,2007,2.0,141.798,NULL,47.116,2007,{'Location': 'TATAR STRAIT'}
NULL,2007,NULL,-179.971,NULL,51.307,2007,{'Location': 'ALEUTIAN ISLANDS;AK'}
1090.0,2007,517.0,-76.603,NULL,-13.386,2007,{'Location': 'S. PERU'}
NULL,2007,NULL,165.762,NULL,-11.61,2007,{'Location': 'SANTA CRUZ ISLANDS'}
161.0,2007,25.0,101.367,NULL,-4.438,2007,{'Location': 'SUMATRA'}
NULL,2007,NULL,163.954,NULL,-49.418,2007,{'Location': 'AUCKLAND ISLANDS'}
65.0,2007,2.0,-69.89,NULL,-22.247,2007,{'Location': 'NORTHERN CHILE'}
NULL,2007,NULL,-61.274,NULL,14.944,2007,{'Location': ''}
NULL,2007,NULL,-121.847,NULL,49.475,2007,{'Location': 'CHEHALIS LAKE;CHILLIWACK'}
NULL,2007,NULL,-177.514,NULL,-25.996,2007,{'Location': 'KERMADEC ISLANDS'}
NULL,2008,NULL,99.972,NULL,-2.486,2008,{'Location': 'SUMATRA'}
NULL,2008,NULL,168.892,NULL,-20.071,2008,{'Location': 'LOYALTY ISLANDS'}
NULL,2008,NULL,168.953,NULL,-19.941,2008,{'Location': 'VANUATU ISLANDS'}
374171.0,2008,87652.0,103.322,86000000000.0,31.002,2008,{'Location': 'SICHUAN PROVINCE'}
NULL,2008,NULL,142.214,NULL,37.552,2008,{'Location': 'OFF EAST COAST OF HONSHU ISLAND'}
NULL,2008,NULL,-175.5,NULL,52.18,2008,{'Location': 'KASATOCHI VOLCANO;ALEUTIAN IS'}
NULL,2008,NULL,26.417,NULL,-52.533,2008,{'Location': 'SOUTHERN ATLANTIC OCEAN'}
77.0,2008,6.0,143.754,NULL,41.892,2008,{'Location': 'HOKKAIDO ISLAND'}
NULL,2008,NULL,-69.7,40000.0,43.8,2008,{'Location': 'MAINE'}
77.0,2008,6.0,122.091,NULL,1.271,2008,{'Location': 'SULAWESI'}
250.0,2009,5.0,132.885,NULL,-0.414,2009,{'Location': 'NEAR NORTH COAST'}
NULL,2009,NULL,133.305,NULL,-0.691,2009,{'Location': 'NEAR NORTH COAST'}
NULL,2009,NULL,155.154,NULL,46.857,2009,{'Location': 'KAMCHATKA'}
64.0,2009,NULL,126.397,NULL,3.884,2009,{'Location': 'CELEBES SEA'}
NULL,2009,NULL,-174.659,NULL,-23.046,2009,{'Location': 'TONGA'}
40.0,2009,7.0,-86.236,NULL,16.72,2009,{'Location': 'OFF COAST'}
NULL,2009,NULL,166.562,NULL,-45.762,2009,{'Location': 'OFF WEST COAST OF SOUTH ISLAND'}
NULL,2009,NULL,92.888,NULL,14.099,2009,{'Location': 'ANDAMAN ISLANDS'}
123.0,2009,1.0,138.264,NULL,34.743,2009,{'Location': 'HONSHU: S COAST'}
9.0,2009,NULL,99.49,NULL,-1.479,2009,{'Location': 'SUMATRA'}
NULL,2009,NULL,-95.712891,NULL,37.09024,2009,{'Location': 'COLUMBIA RIVER VALLEY;WA'}
14.0,2009,384.0,-172.095,570000000.0,-15.489,2009,{'Location': 'SAMOA ISLANDS'}
1214.0,2009,1117.0,99.867,2200000000.0,-0.72,2009,{'Location': 'SUMATRA'}
NULL,2009,NULL,166.51,NULL,-13.006,2009,{'Location': 'VANUATU ISLANDS'}
NULL,2010,NULL,157.477,NULL,-8.743,2010,{'Location': 'SOLOMON ISLANDS'}
NULL,2010,NULL,157.346,NULL,-8.799,2010,{'Location': 'SOLOMON ISLANDS'}
NULL,2010,NULL,157.551,NULL,-9.019,2010,{'Location': 'SOLOMON ISLANDS'}
300000.0,2010,316007.0,-72.533,8000000000.0,18.457,2010,{'Location': 'HAITI & DOMINICAN REPUBLIC'}
NULL,2010,NULL,128.425,NULL,25.93,2010,{'Location': 'RYUKYU ISLANDS'}
24000.0,2010,714.0,-72.898,60000000000.0,-36.122,2010,{'Location': 'CENTRAL CHILE'}
NULL,2010,NULL,-71.891,NULL,-34.29,2010,{'Location': 'CENTRAL CHILE'}
NULL,2010,NULL,97.048,NULL,2.383,2010,{'Location': 'SUMATRA'}
NULL,2010,2.0,-77.645,NULL,-9.282,2010,{'Location': '513 LAKE;HUALCAN GLACIER'}
NULL,2010,NULL,-157.92,NULL,-21.955,2010,{'Location': 'MANGAIA ISLAND;COOK ISLANDS'}
NULL,2010,NULL,145.97,NULL,16.708,2010,{'Location': 'SOUTH OF SARIGAN IS;N. MARIANA IS'}
NULL,2010,NULL,91.936,NULL,7.881,2010,{'Location': 'LITTLE NICOBAR ISLAND'}
NULL,2010,NULL,168.069,NULL,-17.541,2010,{'Location': 'VANUATU ISLANDS'}
NULL,2010,NULL,141.476,NULL,12.484,2010,{'Location': 'GUAM;MARIANA ISLANDS'}
NULL,2010,862.0,100.082,78000000.0,-3.487,2010,{'Location': 'SUMATRA'}
NULL,2010,NULL,143.698,NULL,26.901,2010,{'Location': 'BONIN ISLANDS'}
NULL,2010,NULL,167.947,NULL,-19.702,2010,{'Location': 'VANUATU ISLANDS'}
NULL,2011,NULL,168.311,NULL,-19.157,2011,{'Location': 'VANUATU ISLANDS'}
NULL,2011,NULL,-73.125,NULL,-36.474,2011,{'Location': 'CENTRAL CHILE'}
NULL,2011,NULL,172.68,NULL,-43.583,2011,{'Location': 'SOUTH ISLAND'}
NULL,2011,NULL,142.842,NULL,38.435,2011,{'Location': 'HONSHU ISLAND'}
12304.0,2011,36906.0,142.372,440170912000.0,38.297,2011,{'Location': 'HONSHU ISLAND'}
132.0,2011,3.0,141.588,NULL,38.276,2011,{'Location': 'E. COAST HONSHU ISLAND'}
NULL,2011,NULL,-171.836,NULL,52.05,2011,{'Location': 'ATKA;ALEUTIAN ISLANDS'}
NULL,2011,NULL,-3,NULL,50.5,2011,{'Location': 'PLYMOUTH;ENGLAND'}
NULL,2011,NULL,-176.34,NULL,-29.539,2011,{'Location': 'KERMADEC ISLANDS'}
NULL,2011,NULL,143.264,NULL,38.034,2011,{'Location': 'OFF EAST COAST OF HONSHU ISLAND'}
NULL,2011,NULL,6.64,NULL,59.05,2011,{'Location': 'LYSEFJOREN;WESTERN NORWAY'}
NULL,2011,NULL,6.64,NULL,59.05,2011,{'Location': 'LYSEFJOREN;WESTERN NORWAY'}
NULL,2011,NULL,168.143,NULL,-18.365,2011,{'Location': 'VANUATU ISLANDS'}
NULL,2011,NULL,168.218,NULL,-18.311,2011,{'Location': 'VANUATU ISLANDS'}
NULL,2011,NULL,-171.708,NULL,52.171,2011,{'Location': 'FOX ISLANDS;ALEUTIAN ISLANDS'}
NULL,2011,NULL,-176.238,NULL,-28.993,2011,{'Location': 'KERMADEC ISLANDS'}
NULL,2012,NULL,167.133,NULL,-17.827,2012,{'Location': 'VANUATU ISLANDS'}
NULL,2012,NULL,144.944,NULL,40.887,2012,{'Location': 'HOKKAIDO ISLAND'}
13.0,2012,2.0,-98.231,NULL,16.493,2012,{'Location': 'S. MEXICO'}
12.0,2012,10.0,93.063,NULL,2.327,2012,{'Location': 'OFF W. COAST OF N SUMATRA'}
NULL,2012,NULL,92.463,NULL,0.802,2012,{'Location': 'OFF W. COAST OF N SUMATRA'}
NULL,2012,NULL,168.741,NULL,-18.972,2012,{'Location': 'VANUATU ISLANDS'}
NULL,2012,NULL,-51.3,NULL,69.2,2012,{'Location': 'ILULISSAT ICEFJORD'}
NULL,2012,NULL,-88.59,NULL,12.139,2012,{'Location': 'OFF THE COAST'}
1.0,2012,1.0,126.638,300000.0,10.811,2012,{'Location': 'PHILIPPINE ISLANDS'}
20.0,2012,2.0,-85.315,NULL,10.085,2012,{'Location': 'COSTA RICA'}
NULL,2012,2.0,-132.101,NULL,52.788,2012,{'Location': 'BRITISH COLUMBIA'}
155.0,2012,48.0,-91.895,NULL,13.988,2012,{'Location': 'GUATEMALA'}
11.0,2012,NULL,143.949,NULL,37.89,2012,{'Location': 'OFF EAST COAST OF HONSHU ISLAND'}
NULL,2012,NULL,110.733,NULL,31.256,2012,{'Location': 'ZHAOJUN BRIDGE;HUBEI PROVINCE'}
NULL,2013,NULL,-134.652,NULL,55.393,2013,{'Location': 'SE. ALASKA;AK'}
30.0,2013,20.0,165.114,NULL,-10.766,2013,{'Location': 'SANTA CRUZ ISLANDS'}
NULL,2013,NULL,166.018,NULL,-10.928,2013,{'Location': 'SANTA CRUZ ISLANDS'}
NULL,2013,NULL,150.788,NULL,46.221,2013,{'Location': 'S. KURIL ISLANDS'}
4.0,2013,NULL,-28.6731465,NULL,-14.5994134,2013,{'Location': 'NORTHWEST ATLANTIC OCEAN'}
5.0,2013,NULL,174.337,NULL,-41.704,2013,{'Location': 'COOK STRAIT'}
NULL,2013,NULL,174.061,NULL,-41.767,2013,{'Location': 'WELLINGTON'}
816.0,2013,386.0,62.26,NULL,25.18,2013,{'Location': 'OFF COAST GWADAR'}
NULL,2013,NULL,144.679,NULL,37.149,2013,{'Location': 'E. COAST HONSHU ISLAND'}
NULL,2013,NULL,-46.362,NULL,-60.296,2013,{'Location': 'SCOTIA SEA'}
NULL,2014,NULL,-70.628,NULL,-19.925,2014,{'Location': 'NORTHERN CHILE'}
NULL,2014,NULL,-70.817,NULL,-19.642,2014,{'Location': 'NORTHERN CHILE'}
NULL,2014,NULL,-70.135,NULL,-20.4,2014,{'Location': 'NORTHERN CHILE'}
NULL,2014,NULL,162.211,NULL,-11.315,2014,{'Location': 'SOLOMON ISLANDS'}
NULL,2014,NULL,162.069,NULL,-11.451,2014,{'Location': 'SOLOMON ISLANDS'}
NULL,2014,NULL,-100.816,NULL,17.552,2014,{'Location': 'GREYMOUTH'}
NULL,2014,NULL,154.931,NULL,-6.72,2014,{'Location': 'SOLOMON SEA'}
NULL,2014,NULL,-177.67,NULL,-30.118,2014,{'Location': 'S OF RAOUL ISLAND;KERMADEC ISLANDS'}
NULL,2014,NULL,178.76,NULL,51.797,2014,{'Location': 'ALEUTIAN ISLANDS;AK'}
NULL,2014,NULL,142.425,NULL,37.04,2014,{'Location': 'SANRIKU'}
NULL,2014,NULL,-137.13,NULL,58.358,2014,{'Location': 'PALMA BAY;AK'}
NULL,2014,NULL,-110.779,NULL,-32.115,2014,{'Location': 'EASTER ISLAND REGION'}
NULL,2014,1.0,-88.123,NULL,12.526,2014,{'Location': 'GULF OF FONSECA'}
NULL,2014,NULL,126.54,NULL,1.928,2014,{'Location': 'N. MOLUCCAS ISLANDS'}
NULL,2015,NULL,142.89,NULL,39.83,2015,{'Location': 'HONSHU'}
NULL,2015,NULL,168.148,NULL,-16.431,2015,{'Location': 'VANUATU ISLANDS'}
NULL,2015,NULL,152.556,NULL,-4.76,2015,{'Location': 'BISMARCK SEA'}
NULL,2015,NULL,140.167,NULL,31.594,2015,{'Location': 'S. OF HONSHU ISLAND'}
NULL,2015,NULL,151.886,NULL,-5.465,2015,{'Location': 'NEW BRITAIN'}
NULL,2015,NULL,3.515625,NULL,56.511018,2015,{'Location': 'NORTH SEA'}
NULL,2015,NULL,158.396,NULL,-9.303,2015,{'Location': 'SOLOMON ISLANDS'}
NULL,2015,NULL,165.172,NULL,-10.444,2015,{'Location': 'SANTA CRUZ ISLANDS'}
NULL,2015,NULL,-169.446,NULL,52.736,2015,{'Location': 'FOX ISLANDS;ALEUTIAN ISLANDS'}
15.0,2015,23.0,-71.674,600000000.0,-31.573,2015,{'Location': 'CENTRAL CHILE'}
NULL,2015,NULL,-141.3,NULL,60.08,2015,{'Location': 'ICY BAY;AK'}
NULL,2015,NULL,-72.105,NULL,-29.439,2015,{'Location': 'CENTRAL CHILE'}
NULL,2015,NULL,128.877,NULL,30.991,2015,{'Location': 'JAPAN'}
4.0,2015,2.0,20.552,NULL,38.755,2015,{'Location': 'IONIAN SEA'}
NULL,2016,NULL,94.275,NULL,-4.908,2016,{'Location': 'SW. SUMATRA'}
6283.0,2016,662.0,-79.922,NULL,0.382,2016,{'Location': 'OFF COAST'}
NULL,2016,NULL,167.393,NULL,-16.074,2016,{'Location': 'VANUATU ISLANDS'}
NULL,2016,NULL,173.111,NULL,-22.495,2016,{'Location': 'LOYALTY ISLANDS'}
NULL,2016,NULL,-31.874,NULL,-55.279,2016,{'Location': 'SOUTHERN ATLANTIC OCEAN'}
NULL,2016,NULL,179.055,NULL,-37.401,2016,{'Location': 'GISBORNE'}
NULL,2016,2.0,173.077,NULL,-42.757,2016,{'Location': 'OFF EAST COAST OF SOUTH ISLAND'}
NULL,2016,NULL,141.403,NULL,37.392,2016,{'Location': 'E. COAST HONSHU ISLAND'}
NULL,2016,NULL,-88.835,NULL,11.96,2016,{'Location': 'NICARAGUA'}
NULL,2016,1.0,161.335,NULL,-10.665,2016,{'Location': 'SOLOMON ISLANDS'}
NULL,2016,NULL,161.107,NULL,-10.73,2016,{'Location': 'SOLOMON ISLANDS'}
NULL,2016,NULL,153.45,NULL,-4.509,2016,{'Location': 'SOLOMON SEA'}
NULL,2016,NULL,-73.88,NULL,-43.416,2016,{'Location': 'SOUTHERN CHILE'}
NULL,2017,NULL,176.053,NULL,-19.326,2017,{'Location': 'FIJI ISLANDS'}
NULL,2017,NULL,55.122,NULL,-6.214,2017,{'Location': 'BOUGAINVILLE ISLAND'}
